Blank_PCR,Blood,Menstrual.secretion,Nasal.mucosa,Saliva,Semen.fertile,Semen.sterile,Skin,Skin.penile,Vaginal.mucosa,HBB,ALAS2,CD93,HTN3,STATH,BPIFA1,MUC4,MYOZ1,CYP2B7P1,MMP10,MMP7,MMP11,SEMG1,KLK3,PRM1,RPS4Y1,XIST,ACTB,18S-rRNA
0,1,0,0,0,0,0,0,0,0,5715.0,7572.0,0.0,0.0,0.0,0.0,0.0,0.0,0.0,0.0,0.0,0.0,0.0,0.0,0.0,0.0,1753.0,2070.0,5980.0
0,1,0,0,0,0,0,0,0,0,6066.0,4547.0,0.0,0.0,0.0,0.0,0.0,0.0,0.0,0.0,0.0,0.0,0.0,0.0,0.0,0.0,323.0,1301.0,3918.0
0,1,0,0,0,0,0,0,0,0,5967.0,5556.0,0.0,0.0,0.0,0.0,0.0,0.0,0.0,0.0,0.0,0.0,0.0,0.0,0.0,0.0,0.0,1347.0,3740.0
0,1,0,0,0,0,0,0,0,0,6307.0,5555.0,0.0,0.0,0.0,0.0,0.0,0.0,0.0,0.0,0.0,0.0,0.0,0.0,0.0,0.0,397.0,1118.0,4551.0
0,1,0,0,0,0,0,0,0,0,5358.0,8875.0,811.0,0.0,0.0,0.0,0.0,0.0,0.0,0.0,0.0,0.0,0.0,0.0,0.0,0.0,2511.0,4169.0,6723.0
0,1,0,0,0,0,0,0,0,0,5882.0,8963.0,443.0,0.0,0.0,0.0,0.0,0.0,0.0,0.0,0.0,0.0,0.0,0.0,0.0,0.0,1407.0,5029.0,7526.0
0,1,0,0,0,0,0,0,0,0,5929.0,9046.0,502.0,0.0,0.0,0.0,0.0,0.0,0.0,0.0,0.0,0.0,0.0,0.0,0.0,0.0,3849.0,4351.0,7519.0
0,1,0,0,0,0,0,0,0,0,6727.0,8680.0,381.0,0.0,0.0,0.0,0.0,0.0,0.0,0.0,0.0,0.0,0.0,0.0,0.0,0.0,2599.0,3164.0,6638.0
0,1,0,0,0,0,0,0,0,0,5719.0,7969.0,2039.0,0.0,0.0,0.0,0.0,0.0,0.0,0.0,0.0,0.0,0.0,0.0,0.0,0.0,6604.0,6615.0,6710.0
0,1,0,0,0,0,0,0,0,0,7749.0,9025.0,0.0,0.0,0.0,0.0,0.0,0.0,0.0,0.0,0.0,0.0,0.0,0.0,0.0,0.0,3808.0,6485.0,7518.0
0,1,0,0,0,0,0,0,0,0,6210.0,8529.0,1146.0,0.0,0.0,0.0,0.0,0.0,0.0,0.0,0.0,0.0,0.0,0.0,0.0,0.0,6902.0,7272.0,7070.0
0,1,0,0,0,0,0,0,0,0,6199.0,8609.0,459.0,0.0,0.0,0.0,0.0,0.0,0.0,0.0,0.0,0.0,0.0,0.0,0.0,0.0,6822.0,7110.0,6937.0
0,1,0,0,0,0,0,0,0,0,5441.0,802.0,0.0,0.0,0.0,0.0,0.0,0.0,0.0,0.0,0.0,0.0,0.0,0.0,0.0,1355.0,0.0,713.0,1572.0
0,1,0,0,0,0,0,0,0,0,6335.0,950.0,0.0,0.0,0.0,0.0,0.0,0.0,0.0,0.0,0.0,0.0,0.0,0.0,0.0,1019.0,0.0,1015.0,1826.0
0,1,0,0,0,0,0,0,0,0,5294.0,1565.0,601.0,0.0,0.0,0.0,0.0,0.0,0.0,0.0,0.0,179.0,0.0,0.0,0.0,2802.0,0.0,1182.0,2394.0
0,1,0,0,0,0,0,0,0,0,6498.0,993.0,0.0,0.0,0.0,0.0,0.0,0.0,0.0,0.0,0.0,0.0,0.0,0.0,0.0,659.0,0.0,790.0,1395.0
0,1,0,0,0,0,0,0,0,0,5374.0,2463.0,784.0,0.0,0.0,0.0,0.0,0.0,0.0,0.0,0.0,0.0,0.0,0.0,0.0,6190.0,0.0,2139.0,2206.0
0,1,0,0,0,0,0,0,0,0,7000.0,4182.0,329.0,0.0,0.0,0.0,0.0,0.0,0.0,0.0,0.0,0.0,0.0,0.0,0.0,5284.0,0.0,4572.0,6486.0
0,1,0,0,0,0,0,0,0,0,6676.0,5079.0,264.0,0.0,0.0,0.0,0.0,0.0,0.0,0.0,0.0,0.0,0.0,0.0,0.0,2398.0,0.0,4589.0,7424.0
0,1,0,0,0,0,0,0,0,0,7355.0,2017.0,214.0,0.0,0.0,0.0,0.0,0.0,0.0,0.0,0.0,0.0,0.0,0.0,0.0,5690.0,0.0,2440.0,2660.0
0,1,0,0,0,0,0,0,0,0,4574.0,8638.0,3383.0,0.0,0.0,0.0,0.0,0.0,0.0,0.0,0.0,0.0,0.0,0.0,0.0,5977.0,0.0,7461.0,7366.0
0,1,0,0,0,0,0,0,0,0,5869.0,7458.0,1953.0,0.0,0.0,0.0,0.0,0.0,0.0,0.0,0.0,0.0,0.0,0.0,0.0,6532.0,0.0,7409.0,7591.0
0,1,0,0,0,0,0,0,0,0,7000.0,9063.0,722.0,0.0,0.0,0.0,0.0,0.0,0.0,0.0,0.0,0.0,0.0,0.0,0.0,5876.0,0.0,7496.0,7164.0
0,1,0,0,0,0,0,0,0,0,5402.0,4050.0,1991.0,0.0,0.0,0.0,0.0,0.0,0.0,0.0,0.0,0.0,0.0,0.0,0.0,6892.0,0.0,4910.0,5605.0
0,1,0,0,0,0,0,0,0,0,6845.0,1702.0,0.0,0.0,0.0,0.0,0.0,0.0,0.0,0.0,0.0,0.0,0.0,0.0,0.0,0.0,944.0,972.0,2935.0
0,1,0,0,0,0,0,0,0,0,6732.0,1447.0,594.0,0.0,0.0,0.0,0.0,0.0,0.0,0.0,0.0,0.0,0.0,0.0,0.0,0.0,0.0,834.0,1969.0
0,1,0,0,0,0,0,0,0,0,6382.0,2105.0,0.0,0.0,0.0,0.0,0.0,0.0,0.0,0.0,0.0,0.0,0.0,0.0,0.0,0.0,709.0,956.0,2627.0
0,1,0,0,0,0,0,0,0,0,6062.0,2386.0,282.0,0.0,0.0,0.0,0.0,0.0,0.0,0.0,0.0,0.0,0.0,0.0,0.0,0.0,0.0,842.0,2627.0
0,1,0,0,0,0,0,0,0,0,4904.0,7883.0,966.0,0.0,0.0,0.0,0.0,0.0,0.0,0.0,0.0,0.0,0.0,0.0,0.0,0.0,3458.0,3856.0,6864.0
0,1,0,0,0,0,0,0,0,0,7224.0,7285.0,0.0,0.0,0.0,0.0,0.0,0.0,0.0,0.0,0.0,0.0,0.0,0.0,0.0,0.0,2544.0,3407.0,7439.0
0,1,0,0,0,0,0,0,0,0,7248.0,4263.0,0.0,0.0,0.0,0.0,0.0,0.0,0.0,0.0,0.0,0.0,0.0,0.0,0.0,0.0,1691.0,2737.0,6070.0
0,1,0,0,0,0,0,0,0,0,4790.0,5848.0,0.0,0.0,0.0,0.0,0.0,0.0,0.0,0.0,0.0,0.0,0.0,0.0,0.0,0.0,2268.0,2863.0,7284.0
0,1,0,0,0,0,0,0,0,0,5598.0,9070.0,1045.0,0.0,0.0,0.0,0.0,0.0,0.0,0.0,0.0,0.0,0.0,0.0,0.0,0.0,4704.0,7048.0,7073.0
0,1,0,0,0,0,0,0,0,0,5251.0,8980.0,1098.0,0.0,0.0,0.0,0.0,0.0,0.0,0.0,0.0,0.0,0.0,0.0,0.0,0.0,6896.0,7191.0,7047.0
0,1,0,0,0,0,0,0,0,0,6068.0,9036.0,2680.0,0.0,0.0,0.0,0.0,0.0,0.0,0.0,0.0,0.0,0.0,0.0,0.0,0.0,5654.0,7192.0,7458.0
0,1,0,0,0,0,0,0,0,0,4044.0,8929.0,2024.0,0.0,0.0,0.0,0.0,0.0,0.0,0.0,0.0,0.0,0.0,0.0,0.0,0.0,4671.0,7296.0,6822.0
0,1,0,0,0,0,0,0,0,0,6867.0,881.0,0.0,0.0,0.0,0.0,0.0,0.0,0.0,0.0,0.0,0.0,0.0,0.0,0.0,382.0,0.0,679.0,2596.0
0,1,0,0,0,0,0,0,0,0,6178.0,1835.0,0.0,0.0,0.0,0.0,0.0,0.0,0.0,0.0,0.0,0.0,0.0,0.0,0.0,0.0,0.0,1141.0,3922.0
0,1,0,0,0,0,0,0,0,0,6871.0,1237.0,0.0,0.0,0.0,0.0,0.0,0.0,0.0,0.0,0.0,0.0,0.0,0.0,0.0,785.0,0.0,557.0,1638.0
0,1,0,0,0,0,0,0,0,0,6686.0,1198.0,0.0,0.0,0.0,0.0,0.0,0.0,0.0,0.0,0.0,0.0,0.0,0.0,0.0,2377.0,0.0,1092.0,2086.0
0,1,0,0,0,0,0,0,0,0,5201.0,7012.0,0.0,0.0,0.0,0.0,0.0,0.0,0.0,0.0,0.0,0.0,0.0,0.0,0.0,5627.0,0.0,5290.0,7210.0
0,1,0,0,0,0,0,0,0,0,6558.0,4668.0,0.0,0.0,0.0,0.0,0.0,0.0,0.0,0.0,0.0,0.0,0.0,0.0,0.0,2967.0,0.0,3471.0,7622.0
0,1,0,0,0,0,0,0,0,0,6464.0,4249.0,295.0,0.0,0.0,0.0,0.0,0.0,0.0,0.0,0.0,0.0,0.0,0.0,0.0,2712.0,0.0,2773.0,6930.0
0,1,0,0,0,0,0,0,0,0,6424.0,5707.0,702.0,0.0,0.0,0.0,0.0,0.0,0.0,0.0,0.0,0.0,0.0,0.0,0.0,6009.0,0.0,3628.0,7610.0
0,1,0,0,0,0,0,0,0,0,6188.0,8833.0,1250.0,0.0,0.0,0.0,0.0,0.0,0.0,0.0,0.0,0.0,0.0,0.0,0.0,6698.0,0.0,7623.0,7637.0
0,1,0,0,0,0,0,0,0,0,4801.0,8896.0,743.0,0.0,0.0,0.0,0.0,0.0,0.0,0.0,0.0,0.0,0.0,0.0,0.0,5887.0,0.0,7305.0,7021.0
0,1,0,0,0,0,0,0,0,0,4697.0,8078.0,1064.0,0.0,0.0,0.0,0.0,0.0,0.0,0.0,0.0,0.0,0.0,0.0,0.0,6917.0,0.0,7331.0,7917.0
0,1,0,0,0,0,0,0,0,0,6142.0,8566.0,780.0,0.0,0.0,0.0,0.0,0.0,0.0,0.0,0.0,0.0,0.0,0.0,0.0,6577.0,0.0,7236.0,7374.0
0,1,0,0,0,0,0,0,0,0,5773.0,4844.0,1436.0,0.0,0.0,0.0,0.0,0.0,0.0,0.0,0.0,0.0,0.0,0.0,0.0,0.0,1853.0,1906.0,7325.0
0,1,0,0,0,0,0,0,0,0,7186.0,1106.0,0.0,0.0,0.0,0.0,0.0,0.0,0.0,0.0,0.0,0.0,0.0,0.0,0.0,0.0,280.0,610.0,1729.0
0,1,0,0,0,0,0,0,0,0,6523.0,1161.0,0.0,0.0,0.0,0.0,0.0,0.0,0.0,0.0,0.0,0.0,0.0,0.0,0.0,0.0,605.0,824.0,2068.0
0,1,0,0,0,0,0,0,0,0,7315.0,1189.0,0.0,0.0,0.0,0.0,0.0,0.0,0.0,0.0,0.0,0.0,0.0,0.0,0.0,0.0,734.0,474.0,1235.0
0,1,0,0,0,0,0,0,0,0,5677.0,4394.0,1618.0,0.0,0.0,0.0,0.0,0.0,0.0,0.0,0.0,0.0,0.0,0.0,0.0,0.0,2042.0,3245.0,4166.0
0,1,0,0,0,0,0,0,0,0,6410.0,4935.0,744.0,0.0,0.0,0.0,0.0,0.0,0.0,0.0,0.0,0.0,0.0,0.0,0.0,0.0,1849.0,3202.0,5374.0
0,1,0,0,0,0,0,0,0,0,6720.0,4489.0,1006.0,0.0,0.0,0.0,0.0,0.0,0.0,0.0,0.0,0.0,0.0,0.0,0.0,0.0,1303.0,2975.0,5786.0
0,1,0,0,0,0,0,0,0,0,5978.0,6140.0,0.0,0.0,0.0,0.0,0.0,0.0,0.0,0.0,0.0,0.0,0.0,0.0,0.0,0.0,1488.0,4274.0,7258.0
0,1,0,0,0,0,0,0,0,0,5263.0,8973.0,2172.0,0.0,0.0,0.0,0.0,0.0,0.0,0.0,0.0,0.0,0.0,0.0,0.0,0.0,6807.0,7106.0,7207.0
0,1,0,0,0,0,0,0,0,0,8211.0,5602.0,479.0,0.0,0.0,0.0,0.0,0.0,0.0,0.0,0.0,0.0,0.0,0.0,0.0,0.0,2828.0,4527.0,6430.0
0,1,0,0,0,0,0,0,0,0,5054.0,8756.0,1913.0,0.0,0.0,0.0,0.0,0.0,0.0,0.0,0.0,0.0,0.0,0.0,0.0,0.0,6756.0,7086.0,6996.0
0,1,0,0,0,0,0,0,0,0,6760.0,8448.0,619.0,0.0,0.0,0.0,0.0,0.0,0.0,0.0,0.0,0.0,0.0,0.0,0.0,0.0,5833.0,6278.0,7745.0
0,1,0,0,0,0,0,0,0,0,5963.0,1394.0,0.0,0.0,0.0,0.0,0.0,0.0,0.0,0.0,0.0,0.0,0.0,0.0,0.0,3659.0,0.0,1598.0,4102.0
0,1,0,0,0,0,0,0,0,0,6332.0,1316.0,0.0,0.0,0.0,0.0,0.0,0.0,0.0,0.0,0.0,0.0,0.0,0.0,0.0,2816.0,0.0,1289.0,2336.0
0,1,0,0,0,0,0,0,0,0,6419.0,1318.0,0.0,0.0,0.0,0.0,0.0,0.0,0.0,0.0,0.0,0.0,0.0,0.0,0.0,3616.0,0.0,826.0,2029.0
0,1,0,0,0,0,0,0,0,0,6029.0,1010.0,474.0,0.0,0.0,0.0,0.0,0.0,0.0,0.0,0.0,0.0,0.0,0.0,0.0,1508.0,0.0,1142.0,2084.0
0,1,0,0,0,0,0,0,0,0,5526.0,5080.0,552.0,0.0,0.0,0.0,0.0,0.0,0.0,0.0,0.0,0.0,0.0,0.0,0.0,6302.0,0.0,4263.0,5683.0
0,1,0,0,0,0,0,0,0,0,6279.0,5826.0,415.0,0.0,0.0,0.0,0.0,0.0,0.0,0.0,0.0,0.0,0.0,0.0,0.0,5305.0,0.0,4605.0,7300.0
0,1,0,0,0,0,0,0,0,0,5784.0,8106.0,606.0,0.0,0.0,0.0,0.0,0.0,0.0,0.0,0.0,0.0,0.0,0.0,0.0,6484.0,0.0,4733.0,7445.0
0,1,0,0,0,0,0,0,0,0,6554.0,2736.0,272.0,0.0,0.0,0.0,0.0,0.0,0.0,0.0,0.0,0.0,0.0,0.0,0.0,6960.0,0.0,2170.0,2883.0
0,1,0,0,0,0,0,0,0,0,5850.0,8900.0,1584.0,0.0,0.0,0.0,0.0,0.0,0.0,0.0,0.0,0.0,0.0,0.0,0.0,6566.0,0.0,7239.0,7496.0
0,1,0,0,0,0,0,0,0,0,5346.0,8697.0,4484.0,0.0,0.0,0.0,0.0,0.0,0.0,0.0,0.0,0.0,0.0,0.0,0.0,6020.0,0.0,6973.0,6935.0
0,1,0,0,0,0,0,0,0,0,6204.0,8998.0,2197.0,0.0,0.0,0.0,0.0,0.0,0.0,0.0,0.0,0.0,0.0,0.0,0.0,6584.0,0.0,7354.0,7442.0
0,1,0,0,0,0,0,0,0,0,5722.0,8909.0,3940.0,0.0,0.0,0.0,0.0,0.0,0.0,0.0,0.0,0.0,0.0,0.0,0.0,6133.0,0.0,7413.0,7175.0
0,1,0,0,0,0,0,0,0,0,5262.0,195.0,0.0,0.0,0.0,0.0,0.0,0.0,0.0,0.0,0.0,0.0,0.0,0.0,0.0,2766.0,0.0,2048.0,3698.0
0,1,0,0,0,0,0,0,0,0,6239.0,377.0,0.0,0.0,0.0,0.0,0.0,0.0,0.0,0.0,0.0,0.0,0.0,0.0,0.0,3074.0,0.0,1423.0,2765.0
0,1,0,0,0,0,0,0,0,0,4927.0,318.0,0.0,0.0,0.0,0.0,0.0,0.0,0.0,0.0,0.0,0.0,0.0,0.0,0.0,5859.0,0.0,1668.0,3017.0
0,1,0,0,0,0,0,0,0,0,5993.0,337.0,0.0,0.0,0.0,0.0,0.0,0.0,0.0,0.0,0.0,0.0,0.0,0.0,0.0,545.0,0.0,1766.0,2734.0
0,1,0,0,0,0,0,0,0,0,5870.0,699.0,449.0,0.0,0.0,0.0,0.0,0.0,0.0,0.0,0.0,0.0,0.0,0.0,0.0,6307.0,0.0,6025.0,5901.0
0,1,0,0,0,0,0,0,0,0,5173.0,1355.0,0.0,0.0,0.0,0.0,0.0,0.0,0.0,0.0,0.0,0.0,0.0,0.0,0.0,6076.0,0.0,6872.0,7298.0
0,1,0,0,0,0,0,0,0,0,6248.0,599.0,0.0,0.0,0.0,0.0,0.0,0.0,0.0,0.0,0.0,0.0,0.0,0.0,0.0,6796.0,0.0,5117.0,7214.0
0,1,0,0,0,0,0,0,0,0,5204.0,785.0,288.0,0.0,0.0,0.0,0.0,0.0,0.0,0.0,0.0,0.0,0.0,0.0,0.0,6360.0,0.0,5345.0,6719.0
0,1,0,0,0,0,0,0,0,0,4517.0,6391.0,826.0,0.0,0.0,0.0,0.0,0.0,0.0,0.0,0.0,431.0,0.0,0.0,0.0,5673.0,0.0,6900.0,6727.0
0,1,0,0,0,0,0,0,0,0,918.0,5483.0,3196.0,0.0,0.0,0.0,0.0,0.0,0.0,0.0,0.0,0.0,0.0,0.0,0.0,5792.0,0.0,6596.0,6924.0
0,1,0,0,0,0,0,0,0,0,5230.0,3097.0,0.0,0.0,0.0,0.0,0.0,0.0,0.0,0.0,0.0,0.0,0.0,0.0,0.0,5841.0,0.0,7310.0,7040.0
0,1,0,0,0,0,0,0,0,0,6368.0,2306.0,0.0,0.0,0.0,0.0,0.0,0.0,0.0,0.0,0.0,0.0,0.0,0.0,0.0,6604.0,0.0,7809.0,7368.0
0,1,0,0,0,0,0,0,0,0,7905.0,0.0,0.0,0.0,0.0,0.0,0.0,0.0,0.0,0.0,0.0,0.0,0.0,0.0,0.0,459.0,0.0,194.0,341.0
0,1,0,0,0,0,0,0,0,0,6987.0,0.0,0.0,0.0,0.0,0.0,0.0,0.0,0.0,0.0,0.0,0.0,0.0,0.0,0.0,1955.0,0.0,0.0,1049.0
0,1,0,0,0,0,0,0,0,0,6774.0,0.0,0.0,0.0,0.0,0.0,0.0,0.0,0.0,0.0,0.0,0.0,0.0,0.0,0.0,0.0,0.0,244.0,684.0
0,1,0,0,0,0,0,0,0,0,6739.0,0.0,0.0,0.0,0.0,0.0,0.0,0.0,0.0,0.0,0.0,0.0,0.0,0.0,0.0,0.0,0.0,156.0,969.0
0,1,0,0,0,0,0,0,0,0,5787.0,612.0,0.0,0.0,0.0,0.0,0.0,0.0,0.0,0.0,0.0,0.0,0.0,0.0,0.0,1919.0,0.0,2035.0,7475.0
0,1,0,0,0,0,0,0,0,0,6420.0,1309.0,0.0,0.0,0.0,0.0,0.0,0.0,0.0,0.0,0.0,0.0,0.0,0.0,0.0,3220.0,0.0,1724.0,7479.0
0,1,0,0,0,0,0,0,0,0,7321.0,323.0,0.0,0.0,0.0,0.0,0.0,0.0,0.0,0.0,0.0,0.0,0.0,0.0,0.0,1365.0,0.0,687.0,2478.0
0,1,0,0,0,0,0,0,0,0,6961.0,340.0,0.0,0.0,0.0,0.0,0.0,0.0,0.0,0.0,0.0,0.0,0.0,0.0,0.0,2166.0,0.0,605.0,1629.0
0,1,0,0,0,0,0,0,0,0,6186.0,1776.0,0.0,0.0,0.0,0.0,0.0,0.0,0.0,0.0,0.0,0.0,0.0,0.0,0.0,2294.0,0.0,1976.0,7466.0
0,1,0,0,0,0,0,0,0,0,6547.0,1399.0,0.0,0.0,0.0,0.0,0.0,0.0,0.0,0.0,0.0,0.0,0.0,0.0,0.0,2882.0,0.0,2707.0,7439.0
0,1,0,0,0,0,0,0,0,0,6180.0,1077.0,0.0,0.0,0.0,0.0,0.0,0.0,0.0,0.0,0.0,0.0,0.0,0.0,0.0,942.0,0.0,1780.0,5681.0
0,1,0,0,0,0,0,0,0,0,6468.0,2355.0,0.0,0.0,0.0,0.0,0.0,0.0,0.0,0.0,0.0,0.0,0.0,0.0,0.0,3029.0,0.0,2556.0,7405.0
0,1,0,0,0,0,0,0,0,0,6889.0,499.0,0.0,0.0,0.0,0.0,0.0,0.0,0.0,0.0,0.0,0.0,0.0,0.0,0.0,0.0,6936.0,2415.0,2882.0
0,1,0,0,0,0,0,0,0,0,6201.0,214.0,0.0,0.0,0.0,0.0,0.0,0.0,0.0,0.0,0.0,0.0,0.0,0.0,0.0,0.0,7225.0,3363.0,3257.0
0,1,0,0,0,0,0,0,0,0,7008.0,396.0,0.0,0.0,0.0,0.0,0.0,0.0,0.0,0.0,0.0,0.0,0.0,0.0,0.0,0.0,6615.0,2668.0,2556.0
0,1,0,0,0,0,0,0,0,0,6158.0,2028.0,0.0,0.0,0.0,0.0,0.0,0.0,0.0,0.0,0.0,0.0,0.0,0.0,0.0,0.0,7128.0,7162.0,7091.0
0,1,0,0,0,0,0,0,0,0,7096.0,1049.0,768.0,0.0,0.0,0.0,0.0,0.0,0.0,0.0,0.0,0.0,0.0,0.0,0.0,0.0,6638.0,4928.0,4486.0
0,1,0,0,0,0,0,0,0,0,7859.0,513.0,290.0,0.0,0.0,0.0,0.0,0.0,0.0,0.0,0.0,0.0,0.0,0.0,0.0,0.0,6882.0,2655.0,1911.0
0,1,0,0,0,0,0,0,0,0,7399.0,417.0,264.0,0.0,0.0,0.0,0.0,0.0,0.0,0.0,0.0,0.0,0.0,0.0,0.0,0.0,6621.0,2766.0,2182.0
0,1,0,0,0,0,0,0,0,0,6094.0,479.0,560.0,0.0,0.0,0.0,0.0,0.0,0.0,0.0,0.0,0.0,0.0,0.0,0.0,0.0,5894.0,3334.0,2560.0
0,1,0,0,0,0,0,0,0,0,5753.0,3126.0,837.0,0.0,0.0,0.0,0.0,0.0,0.0,0.0,0.0,0.0,0.0,0.0,0.0,0.0,4859.0,2366.0,6777.0
0,1,0,0,0,0,0,0,0,0,6986.0,2858.0,844.0,0.0,0.0,0.0,0.0,0.0,0.0,0.0,0.0,179.0,0.0,0.0,0.0,0.0,5458.0,6984.0,7849.0
0,1,0,0,0,0,0,0,0,0,5957.0,4660.0,945.0,0.0,0.0,0.0,0.0,0.0,0.0,0.0,0.0,0.0,0.0,0.0,0.0,0.0,5048.0,4516.0,7492.0
0,1,0,0,0,0,0,0,0,0,7263.0,2366.0,671.0,0.0,0.0,0.0,0.0,0.0,0.0,0.0,0.0,0.0,0.0,0.0,0.0,0.0,5663.0,6748.0,7508.0
0,1,0,0,0,0,0,0,0,0,5237.0,2724.0,788.0,0.0,0.0,0.0,0.0,0.0,0.0,0.0,0.0,0.0,0.0,0.0,0.0,5767.0,0.0,6943.0,6914.0
0,1,0,0,0,0,0,0,0,0,5515.0,3456.0,0.0,0.0,0.0,0.0,0.0,0.0,0.0,0.0,0.0,0.0,0.0,0.0,0.0,5655.0,0.0,6999.0,6947.0
0,1,0,0,0,0,0,0,0,0,5311.0,2401.0,0.0,0.0,0.0,0.0,0.0,0.0,0.0,0.0,0.0,0.0,0.0,0.0,0.0,5819.0,0.0,6897.0,7317.0
0,1,0,0,0,0,0,0,0,0,6108.0,2594.0,679.0,0.0,0.0,0.0,0.0,0.0,0.0,0.0,0.0,0.0,0.0,0.0,0.0,5283.0,0.0,6935.0,7061.0
0,1,0,0,0,0,0,0,0,0,4985.0,1789.0,378.0,0.0,0.0,0.0,0.0,0.0,0.0,0.0,0.0,0.0,0.0,0.0,0.0,6394.0,0.0,7101.0,5525.0
0,1,0,0,0,0,0,0,0,0,6214.0,5740.0,1956.0,0.0,0.0,0.0,0.0,0.0,0.0,0.0,0.0,0.0,0.0,0.0,0.0,6174.0,0.0,6909.0,6671.0
0,1,0,0,0,0,0,0,0,0,5625.0,8481.0,1213.0,0.0,0.0,0.0,0.0,0.0,0.0,0.0,0.0,0.0,0.0,0.0,0.0,5909.0,0.0,6247.0,6267.0
0,1,0,0,0,0,0,0,0,0,5589.0,5363.0,1058.0,0.0,0.0,0.0,0.0,0.0,0.0,0.0,0.0,458.0,0.0,0.0,0.0,5760.0,0.0,6980.0,6785.0
0,1,0,0,0,0,0,0,0,0,5960.0,8886.0,4608.0,0.0,0.0,0.0,0.0,0.0,0.0,0.0,0.0,0.0,0.0,0.0,0.0,5846.0,0.0,6302.0,6331.0
0,1,0,0,0,0,0,0,0,0,723.0,9016.0,3125.0,0.0,0.0,0.0,0.0,0.0,0.0,0.0,0.0,0.0,0.0,0.0,0.0,5795.0,0.0,6400.0,6688.0
0,1,0,0,0,0,0,0,0,0,770.0,8851.0,2736.0,0.0,0.0,0.0,0.0,0.0,0.0,0.0,0.0,0.0,0.0,0.0,0.0,5720.0,0.0,6408.0,6584.0
0,1,0,0,0,0,0,0,0,0,878.0,8855.0,2782.0,0.0,0.0,0.0,0.0,0.0,0.0,0.0,0.0,0.0,0.0,0.0,0.0,5892.0,0.0,6515.0,6677.0
0,1,0,0,0,0,0,0,0,0,6133.0,1230.0,1135.0,0.0,0.0,0.0,0.0,0.0,0.0,0.0,0.0,0.0,0.0,0.0,0.0,3551.0,0.0,3469.0,2894.0
0,1,0,0,0,0,0,0,0,0,4971.0,3071.0,2314.0,0.0,0.0,0.0,0.0,0.0,0.0,0.0,0.0,0.0,0.0,0.0,0.0,6232.0,0.0,5262.0,5963.0
0,1,0,0,0,0,0,0,0,0,6446.0,1171.0,273.0,0.0,0.0,0.0,0.0,0.0,0.0,0.0,0.0,0.0,0.0,0.0,0.0,3602.0,0.0,3414.0,3473.0
0,1,0,0,0,0,0,0,0,0,5442.0,2490.0,1023.0,0.0,0.0,0.0,0.0,0.0,0.0,0.0,0.0,0.0,0.0,0.0,0.0,2403.0,0.0,5151.0,6163.0
0,1,0,0,0,0,0,0,0,0,4011.0,0.0,0.0,0.0,0.0,0.0,0.0,0.0,0.0,0.0,0.0,0.0,0.0,0.0,0.0,0.0,0.0,187.0,196.0
0,1,0,0,0,0,0,0,0,0,6897.0,1532.0,296.0,0.0,0.0,0.0,0.0,0.0,0.0,0.0,0.0,0.0,0.0,0.0,0.0,4093.0,0.0,3866.0,4392.0
0,0,0,0,1,0,0,0,0,0,0.0,0.0,0.0,799.0,0.0,0.0,0.0,0.0,0.0,0.0,0.0,0.0,0.0,0.0,0.0,0.0,0.0,0.0,0.0
0,0,0,0,1,0,0,0,0,0,0.0,0.0,0.0,593.0,875.0,0.0,0.0,0.0,0.0,0.0,0.0,0.0,0.0,0.0,0.0,0.0,0.0,0.0,0.0
0,0,0,0,1,0,0,0,0,0,0.0,0.0,0.0,1424.0,776.0,0.0,0.0,0.0,0.0,0.0,0.0,0.0,0.0,0.0,0.0,0.0,0.0,0.0,175.0
0,0,0,0,1,0,0,0,0,0,756.0,0.0,0.0,691.0,5925.0,0.0,0.0,0.0,0.0,0.0,0.0,0.0,0.0,0.0,0.0,0.0,0.0,735.0,5469.0
0,0,0,0,1,0,0,0,0,0,0.0,0.0,0.0,1566.0,4888.0,0.0,0.0,0.0,0.0,0.0,0.0,0.0,0.0,0.0,0.0,0.0,0.0,251.0,7213.0
0,0,0,0,1,0,0,0,0,0,264.0,0.0,0.0,2262.0,1892.0,0.0,0.0,0.0,0.0,0.0,0.0,0.0,0.0,0.0,0.0,0.0,0.0,293.0,7475.0
0,0,0,0,1,0,0,0,0,0,0.0,0.0,0.0,2933.0,2025.0,0.0,0.0,0.0,0.0,0.0,0.0,0.0,0.0,0.0,0.0,0.0,0.0,0.0,7315.0
0,0,0,0,1,0,0,0,0,0,170.0,0.0,0.0,1611.0,1768.0,0.0,0.0,0.0,0.0,0.0,0.0,0.0,0.0,0.0,0.0,0.0,0.0,848.0,2752.0
0,0,0,0,1,0,0,0,0,0,240.0,0.0,0.0,885.0,4092.0,0.0,0.0,0.0,0.0,0.0,0.0,0.0,0.0,0.0,0.0,0.0,0.0,0.0,3799.0
0,0,0,0,1,0,0,0,0,0,522.0,0.0,0.0,793.0,762.0,0.0,0.0,0.0,0.0,0.0,0.0,0.0,0.0,0.0,0.0,0.0,0.0,387.0,2634.0
0,0,0,0,1,0,0,0,0,0,0.0,0.0,0.0,1172.0,871.0,0.0,0.0,0.0,0.0,0.0,0.0,0.0,0.0,0.0,0.0,0.0,0.0,170.0,1960.0
0,0,0,0,1,0,0,0,0,0,0.0,0.0,0.0,384.0,544.0,0.0,0.0,0.0,0.0,0.0,0.0,0.0,0.0,0.0,0.0,0.0,0.0,0.0,0.0
0,0,0,0,1,0,0,0,0,0,0.0,0.0,0.0,692.0,5069.0,0.0,0.0,0.0,0.0,0.0,0.0,0.0,0.0,0.0,0.0,0.0,0.0,217.0,384.0
0,0,0,0,1,0,0,0,0,0,0.0,0.0,0.0,1223.0,814.0,0.0,0.0,0.0,0.0,0.0,0.0,0.0,0.0,0.0,0.0,0.0,0.0,0.0,238.0
0,0,0,0,1,0,0,0,0,0,0.0,0.0,0.0,426.0,3927.0,0.0,0.0,0.0,0.0,0.0,0.0,0.0,0.0,0.0,0.0,0.0,0.0,0.0,622.0
0,0,0,0,1,0,0,0,0,0,378.0,0.0,0.0,5217.0,6420.0,962.0,0.0,0.0,0.0,0.0,0.0,0.0,0.0,0.0,0.0,0.0,0.0,991.0,6957.0
0,0,0,0,1,0,0,0,0,0,738.0,0.0,0.0,6575.0,8142.0,0.0,0.0,0.0,0.0,0.0,0.0,0.0,0.0,0.0,0.0,0.0,0.0,2220.0,7744.0
0,0,0,0,1,0,0,0,0,0,379.0,0.0,0.0,7732.0,8359.0,0.0,1164.0,0.0,0.0,0.0,0.0,0.0,0.0,0.0,0.0,0.0,0.0,892.0,7359.0
0,0,0,0,1,0,0,0,0,0,792.0,0.0,0.0,5996.0,7981.0,0.0,0.0,0.0,0.0,0.0,0.0,0.0,0.0,0.0,0.0,0.0,0.0,1517.0,7351.0
0,0,0,0,1,0,0,0,0,0,699.0,0.0,0.0,6840.0,8159.0,0.0,0.0,0.0,0.0,0.0,0.0,0.0,0.0,0.0,0.0,0.0,0.0,2345.0,6963.0
0,0,0,0,1,0,0,0,0,0,324.0,0.0,0.0,3327.0,7479.0,0.0,0.0,0.0,0.0,0.0,0.0,0.0,0.0,0.0,0.0,0.0,0.0,877.0,7527.0
0,0,0,0,1,0,0,0,0,0,330.0,0.0,0.0,3494.0,6532.0,0.0,0.0,0.0,0.0,0.0,0.0,0.0,0.0,0.0,0.0,0.0,0.0,1762.0,7258.0
0,0,0,0,1,0,0,0,0,0,660.0,0.0,0.0,3412.0,4225.0,0.0,0.0,0.0,0.0,0.0,0.0,0.0,0.0,0.0,0.0,0.0,0.0,1226.0,7442.0
0,0,0,0,1,0,0,0,0,0,0.0,0.0,0.0,0.0,580.0,0.0,0.0,0.0,0.0,0.0,0.0,0.0,0.0,0.0,0.0,0.0,0.0,0.0,0.0
0,0,0,0,1,0,0,0,0,0,0.0,0.0,0.0,892.0,211.0,0.0,0.0,0.0,0.0,0.0,0.0,0.0,0.0,0.0,0.0,0.0,0.0,0.0,0.0
0,0,0,0,1,0,0,0,0,0,0.0,0.0,0.0,349.0,532.0,0.0,0.0,0.0,0.0,0.0,0.0,0.0,0.0,0.0,0.0,0.0,0.0,0.0,0.0
0,0,0,0,1,0,0,0,0,0,0.0,0.0,0.0,648.0,249.0,0.0,0.0,0.0,0.0,0.0,0.0,0.0,0.0,0.0,0.0,0.0,0.0,0.0,0.0
0,0,0,0,1,0,0,0,0,0,0.0,0.0,0.0,3613.0,6226.0,0.0,0.0,0.0,0.0,0.0,0.0,0.0,0.0,0.0,0.0,0.0,0.0,484.0,455.0
0,0,0,0,1,0,0,0,0,0,0.0,0.0,0.0,3630.0,3792.0,0.0,0.0,0.0,0.0,0.0,0.0,0.0,0.0,0.0,0.0,0.0,0.0,217.0,459.0
0,0,0,0,1,0,0,0,0,0,0.0,0.0,0.0,5348.0,4579.0,0.0,0.0,0.0,0.0,0.0,0.0,0.0,0.0,0.0,0.0,0.0,0.0,884.0,1143.0
0,0,0,0,1,0,0,0,0,0,0.0,0.0,0.0,4209.0,2518.0,0.0,0.0,0.0,0.0,0.0,0.0,0.0,0.0,0.0,0.0,0.0,0.0,246.0,341.0
0,0,0,0,1,0,0,0,0,0,0.0,0.0,0.0,9029.0,7414.0,0.0,0.0,0.0,0.0,0.0,0.0,0.0,0.0,0.0,0.0,0.0,0.0,1493.0,7206.0
0,0,0,0,1,0,0,0,0,0,0.0,0.0,0.0,8666.0,8188.0,0.0,0.0,0.0,0.0,0.0,0.0,0.0,0.0,0.0,0.0,0.0,0.0,1023.0,6666.0
0,0,0,0,1,0,0,0,0,0,0.0,0.0,0.0,8220.0,4846.0,0.0,0.0,0.0,0.0,0.0,0.0,0.0,0.0,0.0,0.0,0.0,0.0,966.0,2904.0
0,0,0,0,1,0,0,0,0,0,0.0,0.0,0.0,7638.0,5692.0,0.0,0.0,0.0,0.0,0.0,0.0,0.0,0.0,0.0,0.0,0.0,0.0,1157.0,2492.0
0,0,0,0,1,0,0,0,0,0,0.0,0.0,0.0,362.0,910.0,0.0,0.0,0.0,0.0,0.0,0.0,0.0,0.0,0.0,0.0,0.0,0.0,363.0,273.0
0,0,0,0,1,0,0,0,0,0,0.0,0.0,0.0,1362.0,1026.0,0.0,0.0,0.0,0.0,0.0,0.0,0.0,0.0,0.0,0.0,0.0,0.0,0.0,200.0
0,0,0,0,1,0,0,0,0,0,0.0,0.0,0.0,0.0,1574.0,0.0,0.0,0.0,0.0,0.0,0.0,0.0,0.0,0.0,0.0,0.0,0.0,515.0,1028.0
0,0,0,0,1,0,0,0,0,0,0.0,0.0,0.0,3945.0,3215.0,0.0,0.0,0.0,0.0,0.0,0.0,0.0,0.0,0.0,0.0,0.0,0.0,3720.0,7089.0
0,0,0,0,1,0,0,0,0,0,0.0,0.0,0.0,4930.0,7259.0,0.0,0.0,0.0,0.0,0.0,0.0,0.0,0.0,0.0,0.0,0.0,0.0,3001.0,6648.0
0,0,0,0,1,0,0,0,0,0,0.0,0.0,0.0,3787.0,5767.0,0.0,0.0,0.0,0.0,0.0,0.0,0.0,0.0,0.0,0.0,898.0,0.0,3576.0,7233.0
0,0,0,0,1,0,0,0,0,0,0.0,0.0,0.0,5867.0,3928.0,0.0,0.0,0.0,0.0,0.0,0.0,0.0,0.0,0.0,0.0,691.0,0.0,2682.0,5912.0
0,0,0,0,1,0,0,0,0,0,0.0,244.0,0.0,6384.0,7510.0,0.0,0.0,0.0,0.0,0.0,0.0,0.0,0.0,0.0,0.0,1108.0,0.0,5802.0,6775.0
0,0,0,0,1,0,0,0,0,0,0.0,0.0,0.0,9022.0,8730.0,0.0,0.0,314.0,0.0,0.0,0.0,0.0,0.0,0.0,0.0,0.0,0.0,7300.0,6865.0
0,0,0,0,1,0,0,0,0,0,0.0,0.0,0.0,8098.0,7217.0,0.0,0.0,0.0,192.0,0.0,0.0,0.0,0.0,0.0,0.0,0.0,0.0,6346.0,6781.0
0,0,0,0,1,0,0,0,0,0,0.0,0.0,0.0,8980.0,5835.0,0.0,0.0,368.0,0.0,0.0,0.0,0.0,0.0,0.0,0.0,0.0,0.0,7196.0,6907.0
0,0,0,0,1,0,0,0,0,0,0.0,0.0,0.0,780.0,289.0,0.0,0.0,0.0,0.0,0.0,0.0,0.0,0.0,0.0,0.0,0.0,0.0,0.0,303.0
0,0,0,0,1,0,0,0,0,0,0.0,0.0,0.0,765.0,418.0,0.0,0.0,0.0,0.0,0.0,0.0,0.0,0.0,0.0,0.0,0.0,0.0,0.0,417.0
0,0,0,0,1,0,0,0,0,0,0.0,0.0,0.0,2599.0,0.0,0.0,0.0,0.0,0.0,0.0,0.0,0.0,0.0,0.0,0.0,0.0,0.0,0.0,619.0
0,0,0,0,1,0,0,0,0,0,0.0,0.0,0.0,1938.0,0.0,0.0,0.0,0.0,0.0,0.0,0.0,0.0,0.0,0.0,0.0,0.0,0.0,0.0,270.0
0,0,0,0,1,0,0,0,0,0,0.0,0.0,0.0,7778.0,2441.0,0.0,0.0,0.0,0.0,0.0,0.0,0.0,0.0,0.0,0.0,0.0,0.0,255.0,651.0
0,0,0,0,1,0,0,0,0,0,0.0,0.0,581.0,3472.0,1836.0,0.0,0.0,0.0,0.0,0.0,0.0,0.0,0.0,0.0,0.0,0.0,0.0,441.0,1124.0
0,0,0,0,1,0,0,0,0,0,0.0,0.0,0.0,5860.0,1369.0,0.0,0.0,0.0,0.0,0.0,0.0,0.0,0.0,0.0,0.0,0.0,0.0,245.0,1134.0
0,0,0,0,1,0,0,0,0,0,0.0,0.0,367.0,4203.0,2668.0,0.0,0.0,0.0,0.0,0.0,0.0,0.0,0.0,0.0,0.0,0.0,0.0,162.0,725.0
0,0,0,0,1,0,0,0,0,0,0.0,0.0,0.0,6611.0,4931.0,0.0,0.0,0.0,0.0,0.0,0.0,0.0,0.0,0.0,0.0,1099.0,0.0,1399.0,7041.0
0,0,0,0,1,0,0,0,0,0,0.0,0.0,0.0,8559.0,4693.0,0.0,0.0,0.0,0.0,0.0,0.0,0.0,0.0,0.0,0.0,0.0,0.0,1135.0,5041.0
0,0,0,0,1,0,0,0,0,0,0.0,0.0,0.0,8627.0,6131.0,0.0,0.0,0.0,0.0,0.0,0.0,0.0,0.0,0.0,0.0,0.0,0.0,1436.0,7419.0
0,0,0,0,1,0,0,0,0,0,0.0,0.0,0.0,8582.0,7877.0,0.0,0.0,0.0,0.0,0.0,0.0,0.0,0.0,0.0,0.0,0.0,0.0,3061.0,6808.0
0,0,0,0,1,0,0,0,0,0,0.0,0.0,0.0,7320.0,6967.0,0.0,0.0,0.0,0.0,0.0,0.0,0.0,0.0,0.0,0.0,0.0,0.0,263.0,7236.0
0,0,0,0,1,0,0,0,0,0,0.0,0.0,0.0,2105.0,3696.0,0.0,0.0,0.0,0.0,0.0,0.0,0.0,0.0,0.0,0.0,0.0,0.0,0.0,2587.0
0,0,0,0,1,0,0,0,0,0,0.0,0.0,0.0,5860.0,8065.0,0.0,0.0,0.0,0.0,0.0,0.0,0.0,0.0,0.0,0.0,0.0,0.0,187.0,3745.0
0,0,0,0,1,0,0,0,0,0,0.0,0.0,0.0,4380.0,5279.0,0.0,0.0,0.0,0.0,0.0,0.0,0.0,0.0,0.0,0.0,0.0,0.0,0.0,7230.0
0,0,0,0,1,0,0,0,0,0,0.0,0.0,0.0,8064.0,8380.0,0.0,0.0,0.0,0.0,0.0,0.0,0.0,0.0,0.0,0.0,0.0,0.0,1571.0,6671.0
0,0,0,0,1,0,0,0,0,0,0.0,0.0,0.0,8888.0,8403.0,0.0,0.0,0.0,0.0,0.0,0.0,0.0,0.0,0.0,0.0,0.0,0.0,1367.0,7099.0
0,0,0,0,1,0,0,0,0,0,0.0,0.0,0.0,8512.0,8443.0,0.0,0.0,0.0,0.0,0.0,0.0,0.0,0.0,0.0,0.0,0.0,522.0,1401.0,6760.0
0,0,0,0,1,0,0,0,0,0,0.0,0.0,0.0,8568.0,8427.0,0.0,0.0,0.0,0.0,0.0,0.0,0.0,0.0,0.0,0.0,0.0,179.0,1200.0,6953.0
0,0,0,0,1,0,0,0,0,0,0.0,0.0,0.0,8463.0,8207.0,0.0,0.0,0.0,0.0,0.0,0.0,0.0,0.0,0.0,0.0,0.0,254.0,3704.0,6022.0
0,0,0,0,1,0,0,0,0,0,225.0,0.0,0.0,8406.0,7867.0,1088.0,0.0,0.0,0.0,0.0,0.0,0.0,0.0,0.0,0.0,0.0,461.0,4630.0,6742.0
0,0,0,0,1,0,0,0,0,0,0.0,0.0,0.0,8214.0,7646.0,0.0,0.0,0.0,0.0,0.0,0.0,0.0,0.0,0.0,0.0,0.0,0.0,5185.0,6422.0
0,0,0,0,1,0,0,0,0,0,0.0,0.0,0.0,7720.0,7950.0,0.0,0.0,0.0,0.0,0.0,0.0,0.0,0.0,0.0,0.0,0.0,214.0,5128.0,6374.0
0,0,0,0,1,0,0,0,0,0,6665.0,0.0,0.0,0.0,460.0,0.0,0.0,0.0,0.0,0.0,0.0,0.0,0.0,0.0,0.0,0.0,0.0,2625.0,7023.0
0,0,0,0,1,0,0,0,0,0,7763.0,0.0,0.0,707.0,677.0,0.0,0.0,0.0,0.0,0.0,0.0,0.0,0.0,0.0,0.0,0.0,0.0,2943.0,6546.0
0,0,0,0,1,0,0,0,0,0,8102.0,0.0,0.0,0.0,608.0,0.0,0.0,0.0,0.0,0.0,0.0,0.0,0.0,0.0,0.0,0.0,0.0,7018.0,6710.0
0,0,0,0,1,0,0,0,0,0,0.0,0.0,0.0,578.0,0.0,0.0,0.0,0.0,0.0,0.0,0.0,0.0,0.0,0.0,0.0,0.0,0.0,0.0,0.0
0,0,0,0,1,0,0,0,0,0,0.0,0.0,0.0,933.0,0.0,0.0,0.0,0.0,0.0,0.0,0.0,0.0,0.0,0.0,0.0,0.0,0.0,0.0,1091.0
0,0,0,0,1,0,0,0,0,0,0.0,0.0,0.0,251.0,0.0,0.0,0.0,0.0,0.0,0.0,0.0,0.0,0.0,0.0,0.0,0.0,0.0,310.0,1732.0
0,0,0,0,1,0,0,0,0,0,0.0,0.0,0.0,1197.0,457.0,0.0,0.0,0.0,0.0,0.0,0.0,0.0,0.0,0.0,0.0,0.0,0.0,0.0,716.0
0,0,0,0,1,0,0,0,0,0,0.0,0.0,0.0,380.0,0.0,0.0,0.0,0.0,0.0,0.0,216.0,0.0,0.0,0.0,0.0,0.0,0.0,0.0,1000.0
0,0,0,0,1,0,0,0,0,0,0.0,0.0,0.0,0.0,306.0,0.0,0.0,0.0,0.0,0.0,0.0,0.0,0.0,0.0,0.0,651.0,0.0,222.0,7295.0
0,0,0,0,1,0,0,0,0,0,0.0,0.0,0.0,1336.0,430.0,0.0,0.0,0.0,0.0,0.0,0.0,0.0,0.0,0.0,0.0,0.0,0.0,636.0,6996.0
0,0,0,0,1,0,0,0,0,0,0.0,0.0,0.0,2132.0,221.0,0.0,0.0,0.0,0.0,0.0,0.0,0.0,0.0,0.0,0.0,0.0,0.0,1006.0,7410.0
0,0,0,0,1,0,0,0,0,0,0.0,0.0,0.0,1533.0,498.0,0.0,0.0,0.0,0.0,0.0,0.0,0.0,0.0,0.0,0.0,0.0,0.0,824.0,7142.0
0,0,0,0,1,0,0,0,0,0,0.0,0.0,0.0,0.0,186.0,0.0,0.0,0.0,0.0,0.0,0.0,0.0,0.0,0.0,0.0,0.0,290.0,173.0,167.0
0,0,0,0,1,0,0,0,0,0,0.0,0.0,0.0,0.0,297.0,0.0,0.0,0.0,0.0,0.0,0.0,0.0,0.0,0.0,0.0,0.0,0.0,0.0,0.0
0,0,0,0,1,0,0,0,0,0,0.0,0.0,0.0,0.0,169.0,0.0,0.0,0.0,0.0,0.0,0.0,0.0,0.0,0.0,0.0,0.0,0.0,466.0,5679.0
0,0,0,0,1,0,0,0,0,0,0.0,0.0,0.0,986.0,156.0,0.0,0.0,0.0,0.0,0.0,0.0,0.0,0.0,0.0,0.0,0.0,0.0,303.0,1772.0
0,0,0,0,1,0,0,0,0,0,0.0,0.0,0.0,1609.0,663.0,0.0,0.0,0.0,0.0,0.0,0.0,0.0,0.0,0.0,0.0,0.0,0.0,1109.0,4756.0
0,0,0,0,1,0,0,0,0,0,0.0,0.0,0.0,979.0,339.0,0.0,0.0,0.0,0.0,0.0,0.0,0.0,0.0,0.0,0.0,0.0,0.0,811.0,2831.0
0,0,0,0,1,0,0,0,0,0,0.0,0.0,0.0,502.0,300.0,0.0,0.0,0.0,0.0,0.0,0.0,0.0,0.0,0.0,0.0,0.0,167.0,1110.0,7113.0
0,0,0,0,1,0,0,0,0,0,0.0,0.0,0.0,2314.0,1221.0,0.0,0.0,0.0,0.0,0.0,0.0,0.0,0.0,0.0,0.0,0.0,240.0,3524.0,7158.0
0,0,0,0,1,0,0,0,0,0,0.0,0.0,0.0,1684.0,1420.0,0.0,0.0,0.0,0.0,0.0,0.0,0.0,0.0,0.0,0.0,0.0,821.0,1379.0,7306.0
0,0,0,0,1,0,0,0,0,0,0.0,0.0,0.0,2282.0,2745.0,0.0,0.0,0.0,0.0,0.0,0.0,0.0,0.0,0.0,0.0,0.0,676.0,1697.0,7119.0
0,0,0,0,1,0,0,0,0,0,0.0,0.0,0.0,0.0,202.0,0.0,0.0,0.0,0.0,0.0,0.0,0.0,0.0,0.0,0.0,0.0,0.0,0.0,192.0
0,0,0,0,1,0,0,0,0,0,0.0,0.0,0.0,786.0,1099.0,0.0,0.0,0.0,0.0,0.0,0.0,0.0,0.0,0.0,0.0,0.0,0.0,0.0,4368.0
0,0,0,0,1,0,0,0,0,0,0.0,0.0,0.0,799.0,0.0,0.0,0.0,0.0,0.0,0.0,0.0,0.0,0.0,0.0,0.0,0.0,287.0,215.0,3100.0
0,0,0,0,1,0,0,0,0,0,0.0,0.0,0.0,1998.0,0.0,0.0,0.0,0.0,0.0,0.0,0.0,0.0,0.0,0.0,0.0,0.0,0.0,387.0,2513.0
0,0,0,0,1,0,0,0,0,0,0.0,0.0,0.0,1671.0,0.0,0.0,0.0,0.0,0.0,0.0,0.0,0.0,0.0,0.0,0.0,0.0,217.0,775.0,7538.0
0,0,0,0,1,0,0,0,0,0,0.0,0.0,0.0,0.0,404.0,0.0,0.0,0.0,0.0,0.0,0.0,0.0,0.0,0.0,0.0,0.0,0.0,263.0,5955.0
0,0,0,0,1,0,0,0,0,0,0.0,0.0,0.0,957.0,336.0,0.0,0.0,0.0,0.0,0.0,0.0,0.0,0.0,0.0,0.0,0.0,0.0,208.0,5028.0
0,0,0,0,1,0,0,0,0,0,0.0,0.0,0.0,734.0,195.0,0.0,0.0,0.0,0.0,0.0,0.0,0.0,0.0,0.0,0.0,0.0,0.0,722.0,7194.0
0,0,0,0,1,0,0,0,0,0,0.0,0.0,0.0,8697.0,7950.0,0.0,0.0,0.0,0.0,0.0,0.0,0.0,0.0,0.0,0.0,1107.0,0.0,2480.0,5137.0
0,0,0,0,1,0,0,0,0,0,0.0,0.0,0.0,6294.0,5539.0,0.0,0.0,0.0,0.0,0.0,0.0,0.0,0.0,0.0,0.0,0.0,0.0,7050.0,5211.0
0,0,0,0,1,0,0,0,0,0,0.0,0.0,0.0,4956.0,3413.0,0.0,0.0,0.0,0.0,0.0,0.0,0.0,0.0,0.0,0.0,0.0,0.0,7149.0,5395.0
0,0,0,0,1,0,0,0,0,0,0.0,0.0,320.0,3083.0,5229.0,0.0,0.0,0.0,0.0,0.0,0.0,0.0,0.0,0.0,0.0,1258.0,0.0,7048.0,5487.0
0,0,0,0,1,0,0,0,0,0,0.0,0.0,0.0,8815.0,8214.0,0.0,0.0,0.0,0.0,0.0,0.0,0.0,0.0,0.0,0.0,0.0,0.0,1994.0,4254.0
0,0,0,0,1,0,0,0,0,0,0.0,0.0,0.0,9172.0,7847.0,0.0,0.0,0.0,0.0,0.0,0.0,0.0,0.0,0.0,0.0,888.0,0.0,2509.0,4420.0
0,0,0,0,1,0,0,0,0,0,0.0,0.0,0.0,8974.0,7025.0,0.0,0.0,0.0,0.0,0.0,0.0,0.0,0.0,0.0,0.0,567.0,0.0,1375.0,2784.0
0,0,0,0,0,0,0,0,0,1,0.0,0.0,0.0,0.0,0.0,0.0,4583.0,4977.0,1933.0,0.0,0.0,0.0,0.0,0.0,0.0,0.0,443.0,3140.0,7527.0
0,0,0,0,0,0,0,0,0,1,0.0,0.0,0.0,0.0,0.0,0.0,4713.0,5638.0,5685.0,0.0,0.0,0.0,0.0,0.0,0.0,0.0,672.0,5815.0,6491.0
0,0,0,0,0,0,0,0,0,1,0.0,0.0,342.0,0.0,0.0,0.0,2736.0,5464.0,6208.0,0.0,0.0,0.0,0.0,0.0,0.0,0.0,1262.0,6661.0,6540.0
0,0,0,0,0,0,0,0,0,1,0.0,0.0,0.0,0.0,0.0,0.0,7935.0,4978.0,3983.0,0.0,0.0,0.0,0.0,0.0,0.0,0.0,214.0,4830.0,6304.0
0,0,0,0,0,0,0,0,0,1,0.0,0.0,0.0,0.0,0.0,0.0,1232.0,1943.0,2127.0,0.0,1098.0,0.0,0.0,0.0,0.0,0.0,976.0,3088.0,7087.0
0,0,0,0,0,0,0,0,0,1,0.0,0.0,297.0,0.0,0.0,0.0,3291.0,2976.0,4795.0,0.0,0.0,0.0,0.0,0.0,0.0,0.0,266.0,5052.0,7004.0
0,0,0,0,0,0,0,0,0,1,0.0,0.0,0.0,0.0,0.0,0.0,0.0,0.0,355.0,0.0,0.0,0.0,0.0,0.0,0.0,0.0,279.0,7322.0,7272.0
0,0,0,0,0,0,0,0,0,1,0.0,0.0,0.0,0.0,0.0,0.0,0.0,0.0,174.0,0.0,0.0,0.0,0.0,0.0,0.0,0.0,1450.0,4532.0,3042.0
0,0,0,0,0,0,0,0,0,1,0.0,0.0,775.0,0.0,0.0,0.0,976.0,241.0,736.0,0.0,0.0,0.0,0.0,0.0,0.0,0.0,2883.0,7168.0,7467.0
0,0,0,0,0,0,0,0,0,1,0.0,0.0,0.0,0.0,0.0,0.0,1255.0,0.0,599.0,0.0,0.0,0.0,0.0,0.0,0.0,0.0,1795.0,7142.0,7352.0
0,0,0,0,0,0,0,0,0,1,0.0,0.0,0.0,0.0,0.0,0.0,0.0,0.0,1041.0,0.0,0.0,0.0,0.0,0.0,0.0,0.0,1011.0,6807.0,6923.0
0,0,0,0,0,0,0,0,0,1,0.0,0.0,981.0,0.0,0.0,0.0,0.0,0.0,709.0,0.0,0.0,0.0,0.0,0.0,0.0,0.0,673.0,7704.0,7775.0
0,0,0,0,0,0,0,0,0,1,0.0,0.0,702.0,0.0,0.0,0.0,913.0,0.0,3800.0,0.0,0.0,0.0,0.0,0.0,0.0,0.0,1220.0,6447.0,6759.0
0,0,0,0,0,0,0,0,0,1,0.0,0.0,0.0,0.0,0.0,0.0,1011.0,0.0,2310.0,0.0,0.0,0.0,0.0,0.0,0.0,0.0,1434.0,6472.0,6916.0
0,0,0,0,0,0,0,0,0,1,0.0,0.0,4428.0,0.0,0.0,0.0,2052.0,0.0,1531.0,0.0,0.0,0.0,0.0,0.0,0.0,0.0,1423.0,6826.0,7170.0
0,0,0,0,0,0,0,0,0,1,0.0,0.0,0.0,0.0,0.0,0.0,767.0,0.0,2102.0,0.0,0.0,0.0,0.0,0.0,0.0,0.0,2592.0,6756.0,7096.0
0,0,0,0,0,0,0,0,0,1,0.0,0.0,0.0,0.0,0.0,0.0,627.0,0.0,0.0,0.0,0.0,0.0,0.0,0.0,0.0,0.0,1133.0,380.0,2456.0
0,0,0,0,0,0,0,0,0,1,0.0,0.0,0.0,0.0,0.0,0.0,742.0,363.0,0.0,0.0,0.0,0.0,0.0,0.0,0.0,0.0,2234.0,171.0,2048.0
0,0,0,0,0,0,0,0,0,1,0.0,0.0,0.0,0.0,0.0,0.0,876.0,0.0,0.0,0.0,0.0,0.0,0.0,0.0,0.0,0.0,1491.0,239.0,3326.0
0,0,0,0,0,0,0,0,0,1,0.0,0.0,0.0,0.0,0.0,0.0,2537.0,1082.0,0.0,0.0,0.0,0.0,0.0,0.0,0.0,0.0,1617.0,232.0,4190.0
0,0,0,0,0,0,0,0,0,1,0.0,0.0,0.0,0.0,0.0,0.0,8590.0,2931.0,620.0,0.0,0.0,0.0,0.0,0.0,0.0,0.0,6570.0,1965.0,7726.0
0,0,0,0,0,0,0,0,0,1,0.0,0.0,0.0,0.0,0.0,0.0,8909.0,7564.0,442.0,0.0,0.0,173.0,0.0,0.0,0.0,0.0,5983.0,2623.0,7574.0
0,0,0,0,0,0,0,0,0,1,0.0,0.0,0.0,0.0,0.0,0.0,7739.0,5187.0,642.0,0.0,0.0,0.0,0.0,0.0,0.0,0.0,6334.0,1715.0,7518.0
0,0,0,0,0,0,0,0,0,1,0.0,0.0,0.0,0.0,0.0,0.0,8696.0,3643.0,434.0,0.0,0.0,0.0,0.0,0.0,0.0,0.0,6481.0,2434.0,7616.0
0,0,0,0,0,0,0,0,0,1,0.0,0.0,0.0,0.0,0.0,0.0,8758.0,7557.0,567.0,0.0,0.0,0.0,0.0,0.0,0.0,0.0,4999.0,2362.0,7030.0
0,0,0,0,0,0,0,0,0,1,0.0,0.0,0.0,0.0,0.0,0.0,8720.0,8757.0,1345.0,0.0,0.0,0.0,0.0,0.0,0.0,0.0,5204.0,4616.0,6956.0
0,0,0,0,0,0,0,0,0,1,0.0,0.0,0.0,0.0,0.0,0.0,8748.0,6463.0,1145.0,0.0,0.0,0.0,0.0,0.0,0.0,0.0,5371.0,3830.0,7070.0
0,0,0,0,0,0,0,0,0,1,0.0,0.0,0.0,0.0,0.0,0.0,8930.0,8057.0,1465.0,0.0,0.0,0.0,0.0,0.0,0.0,0.0,5415.0,5056.0,6844.0
0,0,0,0,0,0,0,0,0,1,0.0,0.0,0.0,0.0,0.0,0.0,1710.0,460.0,171.0,0.0,0.0,0.0,0.0,0.0,0.0,0.0,2502.0,307.0,2416.0
0,0,0,0,0,0,0,0,0,1,0.0,0.0,0.0,0.0,0.0,0.0,896.0,754.0,0.0,0.0,0.0,0.0,0.0,0.0,0.0,0.0,2116.0,387.0,1876.0
0,0,0,0,0,0,0,0,0,1,0.0,0.0,0.0,0.0,0.0,0.0,1190.0,0.0,0.0,0.0,0.0,0.0,0.0,0.0,0.0,0.0,2853.0,167.0,1553.0
0,0,0,0,0,0,0,0,0,1,0.0,0.0,0.0,0.0,0.0,0.0,982.0,549.0,252.0,0.0,0.0,0.0,0.0,0.0,0.0,0.0,1866.0,182.0,1574.0
0,0,0,0,0,0,0,0,0,1,0.0,0.0,0.0,0.0,0.0,0.0,7910.0,2367.0,1583.0,0.0,0.0,0.0,0.0,0.0,0.0,0.0,5915.0,1825.0,7311.0
0,0,0,0,0,0,0,0,0,1,0.0,0.0,0.0,0.0,0.0,0.0,4182.0,1567.0,1199.0,0.0,0.0,0.0,0.0,0.0,0.0,0.0,6204.0,2491.0,7322.0
0,0,0,0,0,0,0,0,0,1,0.0,0.0,0.0,0.0,0.0,0.0,1649.0,990.0,1725.0,0.0,0.0,0.0,0.0,0.0,0.0,0.0,6051.0,2156.0,7579.0
0,0,0,0,0,0,0,0,0,1,0.0,0.0,0.0,0.0,0.0,0.0,2381.0,4665.0,2447.0,0.0,0.0,0.0,0.0,0.0,0.0,0.0,6053.0,2304.0,7389.0
0,0,0,0,0,0,0,0,0,1,0.0,0.0,0.0,0.0,0.0,0.0,8016.0,7249.0,3748.0,0.0,0.0,0.0,0.0,0.0,0.0,0.0,5118.0,3680.0,6901.0
0,0,0,0,0,0,0,0,0,1,0.0,0.0,223.0,0.0,0.0,0.0,8361.0,4743.0,3318.0,0.0,0.0,0.0,0.0,0.0,0.0,0.0,5469.0,2589.0,7429.0
0,0,0,0,0,0,0,0,0,1,0.0,0.0,0.0,0.0,0.0,0.0,8151.0,5643.0,2452.0,0.0,0.0,0.0,0.0,0.0,0.0,0.0,5696.0,2205.0,7458.0
0,0,0,0,0,0,0,0,0,1,242.0,0.0,0.0,0.0,0.0,0.0,8838.0,3483.0,2721.0,0.0,0.0,0.0,0.0,0.0,0.0,0.0,4854.0,3347.0,7203.0
0,0,0,0,0,0,0,0,0,1,0.0,0.0,0.0,0.0,0.0,0.0,4204.0,511.0,0.0,0.0,0.0,0.0,0.0,0.0,0.0,0.0,1598.0,854.0,3474.0
0,0,0,0,0,0,0,0,0,1,0.0,0.0,0.0,0.0,0.0,0.0,4550.0,613.0,0.0,0.0,0.0,0.0,0.0,0.0,0.0,0.0,1653.0,640.0,2712.0
0,0,0,0,0,0,0,0,0,1,0.0,0.0,0.0,0.0,0.0,0.0,7453.0,0.0,0.0,0.0,0.0,0.0,0.0,0.0,0.0,0.0,1417.0,1136.0,3933.0
0,0,0,0,0,0,0,0,0,1,0.0,0.0,0.0,0.0,0.0,0.0,3577.0,478.0,0.0,0.0,0.0,0.0,0.0,0.0,0.0,0.0,1481.0,543.0,2905.0
0,0,0,0,0,0,0,0,0,1,0.0,0.0,0.0,0.0,0.0,0.0,5051.0,761.0,187.0,0.0,0.0,0.0,0.0,0.0,0.0,0.0,6589.0,1830.0,7593.0
0,0,0,0,0,0,0,0,0,1,0.0,0.0,0.0,0.0,0.0,0.0,8925.0,2997.0,186.0,0.0,0.0,0.0,0.0,0.0,0.0,0.0,6482.0,2956.0,7501.0
0,0,0,0,0,0,0,0,0,1,0.0,0.0,0.0,0.0,0.0,0.0,8697.0,1613.0,0.0,0.0,0.0,0.0,0.0,0.0,0.0,0.0,6260.0,2410.0,7174.0
0,0,0,0,0,0,0,0,0,1,0.0,0.0,0.0,0.0,0.0,0.0,8909.0,483.0,0.0,0.0,0.0,0.0,0.0,0.0,0.0,0.0,5373.0,2052.0,7170.0
0,0,0,0,0,0,0,0,0,1,0.0,0.0,0.0,0.0,0.0,0.0,8467.0,2768.0,237.0,0.0,0.0,0.0,0.0,0.0,0.0,0.0,5686.0,4178.0,6821.0
0,0,0,0,0,0,0,0,0,1,0.0,0.0,896.0,0.0,0.0,0.0,8508.0,2530.0,0.0,0.0,0.0,0.0,0.0,0.0,0.0,0.0,6300.0,4070.0,7412.0
0,0,0,0,0,0,0,0,0,1,0.0,0.0,0.0,0.0,0.0,0.0,8825.0,836.0,0.0,0.0,0.0,0.0,0.0,0.0,0.0,0.0,6797.0,2931.0,5905.0
0,0,0,0,0,0,0,0,0,1,0.0,0.0,0.0,0.0,0.0,0.0,8952.0,1765.0,394.0,0.0,0.0,0.0,0.0,0.0,0.0,0.0,6310.0,4941.0,7339.0
0,0,0,0,0,0,0,0,0,1,0.0,0.0,0.0,0.0,0.0,0.0,2320.0,0.0,0.0,0.0,0.0,0.0,0.0,0.0,0.0,0.0,515.0,825.0,1086.0
0,0,0,0,0,0,0,0,0,1,0.0,0.0,0.0,0.0,0.0,0.0,3278.0,0.0,0.0,0.0,0.0,0.0,0.0,0.0,0.0,0.0,1484.0,846.0,1691.0
0,0,0,0,0,0,0,0,0,1,0.0,0.0,0.0,0.0,0.0,0.0,1888.0,0.0,0.0,0.0,0.0,0.0,0.0,0.0,0.0,0.0,553.0,329.0,841.0
0,0,0,0,0,0,0,0,0,1,0.0,0.0,0.0,0.0,0.0,0.0,2169.0,0.0,0.0,0.0,0.0,0.0,0.0,0.0,0.0,0.0,237.0,801.0,1445.0
0,0,0,0,0,0,0,0,0,1,0.0,0.0,0.0,0.0,0.0,0.0,8979.0,0.0,1513.0,0.0,0.0,0.0,0.0,0.0,0.0,0.0,5715.0,7018.0,5627.0
0,0,0,0,0,0,0,0,0,1,0.0,0.0,0.0,0.0,0.0,0.0,8342.0,387.0,0.0,0.0,0.0,0.0,0.0,0.0,0.0,0.0,2839.0,2930.0,5097.0
0,0,0,0,0,0,0,0,0,1,0.0,0.0,0.0,0.0,0.0,0.0,8584.0,389.0,0.0,0.0,0.0,0.0,0.0,0.0,0.0,0.0,1818.0,1989.0,2260.0
0,0,0,0,0,0,0,0,0,1,0.0,0.0,0.0,0.0,0.0,0.0,517.0,0.0,0.0,0.0,0.0,0.0,0.0,0.0,0.0,0.0,216.0,208.0,253.0
0,0,0,0,0,0,0,0,0,1,0.0,0.0,0.0,0.0,0.0,0.0,8825.0,1166.0,192.0,0.0,0.0,0.0,0.0,0.0,0.0,0.0,5213.0,6227.0,7200.0
0,0,0,0,0,0,0,0,0,1,0.0,0.0,0.0,0.0,0.0,0.0,8982.0,818.0,164.0,0.0,0.0,0.0,0.0,0.0,0.0,0.0,5495.0,6137.0,7406.0
0,0,0,0,0,0,0,0,0,1,0.0,0.0,0.0,0.0,0.0,0.0,8999.0,1507.0,199.0,0.0,0.0,0.0,0.0,0.0,0.0,0.0,5921.0,5954.0,7682.0
0,0,0,0,0,0,0,0,0,1,0.0,0.0,0.0,0.0,0.0,0.0,8890.0,500.0,325.0,0.0,0.0,0.0,0.0,0.0,0.0,0.0,5109.0,6244.0,7451.0
0,0,0,0,0,0,0,0,0,1,0.0,0.0,0.0,0.0,0.0,0.0,0.0,192.0,0.0,0.0,0.0,0.0,0.0,0.0,0.0,0.0,0.0,845.0,790.0
0,0,0,0,0,0,0,0,0,1,0.0,0.0,0.0,0.0,0.0,0.0,311.0,195.0,0.0,0.0,0.0,0.0,0.0,0.0,0.0,0.0,0.0,902.0,423.0
0,0,0,0,0,0,0,0,0,1,0.0,0.0,0.0,0.0,0.0,0.0,0.0,267.0,0.0,0.0,0.0,0.0,0.0,0.0,0.0,0.0,0.0,2198.0,1497.0
0,0,0,0,0,0,0,0,0,1,0.0,0.0,537.0,0.0,0.0,0.0,0.0,592.0,0.0,0.0,0.0,0.0,0.0,0.0,0.0,0.0,367.0,3614.0,1415.0
0,0,0,0,0,0,0,0,0,1,0.0,0.0,0.0,0.0,0.0,0.0,0.0,451.0,0.0,0.0,0.0,0.0,0.0,0.0,0.0,0.0,184.0,3174.0,1236.0
0,0,0,0,0,0,0,0,0,1,0.0,0.0,0.0,0.0,0.0,0.0,0.0,244.0,0.0,0.0,0.0,0.0,0.0,0.0,0.0,0.0,329.0,3191.0,1362.0
0,0,0,0,0,0,0,0,0,1,0.0,0.0,0.0,0.0,0.0,0.0,549.0,0.0,0.0,0.0,0.0,0.0,0.0,0.0,0.0,0.0,298.0,255.0,324.0
0,0,0,0,0,0,0,0,0,1,0.0,0.0,0.0,0.0,0.0,0.0,1004.0,0.0,177.0,0.0,0.0,0.0,0.0,0.0,0.0,0.0,345.0,323.0,720.0
0,0,0,0,0,0,0,0,0,1,0.0,0.0,0.0,0.0,0.0,0.0,511.0,0.0,0.0,0.0,0.0,0.0,0.0,0.0,0.0,0.0,278.0,408.0,450.0
0,0,0,0,0,0,0,0,0,1,0.0,0.0,183.0,0.0,0.0,0.0,3955.0,446.0,5067.0,0.0,0.0,0.0,0.0,0.0,0.0,0.0,6327.0,6496.0,6641.0
0,0,0,0,0,0,0,0,0,1,0.0,0.0,422.0,0.0,0.0,0.0,8944.0,2204.0,7501.0,0.0,0.0,0.0,0.0,0.0,0.0,0.0,6968.0,7286.0,7543.0
0,0,0,0,0,0,0,0,0,1,0.0,0.0,703.0,0.0,0.0,0.0,8899.0,3068.0,6851.0,0.0,0.0,0.0,0.0,0.0,0.0,0.0,6416.0,7127.0,7300.0
0,0,0,0,0,0,0,0,0,1,0.0,0.0,151.0,0.0,0.0,0.0,8467.0,2474.0,7428.0,0.0,0.0,0.0,0.0,0.0,0.0,0.0,6653.0,7148.0,7241.0
0,0,0,0,0,0,0,0,0,1,0.0,0.0,894.0,0.0,0.0,0.0,8778.0,1793.0,8436.0,0.0,0.0,0.0,0.0,0.0,0.0,0.0,5449.0,6635.0,7097.0
0,0,0,0,0,0,0,0,0,1,0.0,0.0,521.0,0.0,0.0,0.0,8966.0,3929.0,9457.0,0.0,0.0,0.0,0.0,0.0,0.0,0.0,6117.0,6853.0,6610.0
0,0,0,0,0,0,0,0,0,1,0.0,0.0,538.0,0.0,0.0,0.0,9026.0,3167.0,8833.0,0.0,0.0,0.0,0.0,0.0,0.0,0.0,6169.0,6976.0,6986.0
0,0,0,0,0,0,0,0,0,1,0.0,0.0,923.0,0.0,0.0,0.0,8244.0,1604.0,9403.0,0.0,0.0,0.0,0.0,0.0,0.0,0.0,6740.0,7146.0,6917.0
0,0,0,0,0,0,0,0,0,1,0.0,0.0,0.0,0.0,0.0,0.0,605.0,0.0,0.0,0.0,0.0,0.0,0.0,0.0,0.0,0.0,1330.0,0.0,1324.0
0,0,0,0,0,0,0,0,0,1,0.0,0.0,0.0,0.0,0.0,0.0,878.0,766.0,0.0,0.0,0.0,0.0,0.0,0.0,0.0,0.0,1506.0,343.0,2141.0
0,0,0,0,0,0,0,0,0,1,0.0,0.0,0.0,0.0,0.0,0.0,448.0,294.0,0.0,0.0,0.0,0.0,0.0,0.0,0.0,0.0,1907.0,264.0,1502.0
0,0,0,0,0,0,0,0,0,1,0.0,0.0,0.0,0.0,0.0,0.0,1900.0,1082.0,0.0,0.0,0.0,0.0,0.0,0.0,0.0,0.0,1767.0,346.0,2388.0
0,0,0,0,0,0,0,0,0,1,0.0,0.0,0.0,0.0,0.0,0.0,6590.0,1631.0,0.0,0.0,0.0,0.0,0.0,0.0,0.0,0.0,6636.0,1076.0,7260.0
0,0,0,0,0,0,0,0,0,1,0.0,0.0,0.0,0.0,0.0,0.0,5437.0,2533.0,0.0,0.0,0.0,0.0,0.0,0.0,0.0,0.0,6084.0,943.0,4313.0
0,0,0,0,0,0,0,0,0,1,0.0,0.0,0.0,0.0,0.0,0.0,5859.0,1415.0,0.0,0.0,0.0,0.0,0.0,0.0,0.0,0.0,6697.0,1114.0,6699.0
0,0,0,0,0,0,0,0,0,1,0.0,0.0,0.0,0.0,0.0,0.0,6800.0,2071.0,0.0,0.0,0.0,0.0,0.0,0.0,0.0,0.0,6773.0,1436.0,6703.0
0,0,0,0,0,0,0,0,0,1,0.0,0.0,0.0,0.0,0.0,0.0,8661.0,3813.0,0.0,0.0,0.0,0.0,0.0,0.0,0.0,0.0,6530.0,943.0,4451.0
0,0,0,0,0,0,0,0,0,1,0.0,0.0,0.0,0.0,0.0,0.0,7881.0,2795.0,0.0,0.0,0.0,0.0,0.0,0.0,0.0,0.0,7048.0,833.0,3306.0
0,0,0,0,0,0,0,0,0,1,0.0,0.0,0.0,0.0,0.0,0.0,7264.0,2342.0,0.0,0.0,0.0,0.0,0.0,0.0,0.0,0.0,6732.0,833.0,2516.0
0,0,0,0,0,0,0,0,0,1,0.0,0.0,0.0,0.0,0.0,0.0,7632.0,3530.0,0.0,0.0,0.0,0.0,0.0,0.0,0.0,0.0,6684.0,776.0,2310.0
0,0,0,0,0,0,0,0,0,1,0.0,0.0,0.0,0.0,0.0,0.0,556.0,0.0,0.0,0.0,0.0,0.0,0.0,0.0,0.0,0.0,718.0,489.0,611.0
0,0,0,0,0,0,0,0,0,1,0.0,0.0,223.0,0.0,0.0,0.0,2332.0,0.0,0.0,0.0,0.0,0.0,0.0,0.0,0.0,0.0,1959.0,400.0,702.0
0,0,0,0,0,0,0,0,0,1,0.0,0.0,0.0,0.0,0.0,0.0,168.0,0.0,0.0,0.0,0.0,0.0,0.0,0.0,0.0,0.0,747.0,0.0,210.0
0,0,0,0,0,0,0,0,0,1,0.0,0.0,0.0,0.0,0.0,0.0,2304.0,0.0,166.0,0.0,0.0,0.0,0.0,0.0,0.0,0.0,4543.0,1856.0,3787.0
0,0,0,0,0,0,0,0,0,1,0.0,0.0,0.0,0.0,0.0,0.0,6126.0,645.0,0.0,0.0,0.0,0.0,0.0,0.0,0.0,0.0,3835.0,1599.0,2773.0
0,0,0,0,0,0,0,0,0,1,0.0,0.0,0.0,0.0,0.0,0.0,5743.0,0.0,0.0,0.0,0.0,0.0,0.0,0.0,0.0,0.0,4908.0,1648.0,3201.0
0,0,0,0,0,0,0,0,0,1,0.0,0.0,0.0,0.0,0.0,0.0,8774.0,339.0,251.0,0.0,0.0,0.0,0.0,0.0,0.0,0.0,5802.0,3911.0,5880.0
0,0,0,0,0,0,0,0,0,1,0.0,0.0,0.0,0.0,0.0,0.0,8763.0,1558.0,589.0,0.0,0.0,0.0,0.0,0.0,0.0,0.0,5257.0,6088.0,7285.0
0,0,0,0,0,0,0,0,0,1,0.0,0.0,0.0,0.0,0.0,0.0,8464.0,793.0,711.0,0.0,0.0,0.0,0.0,0.0,0.0,0.0,5128.0,5995.0,7193.0
0,0,0,0,0,0,0,0,0,1,0.0,0.0,0.0,0.0,0.0,0.0,8395.0,2007.0,906.0,0.0,0.0,0.0,0.0,0.0,0.0,0.0,5397.0,6060.0,7085.0
0,0,0,0,0,0,0,0,0,1,0.0,0.0,0.0,0.0,0.0,0.0,5824.0,0.0,0.0,0.0,0.0,0.0,0.0,0.0,0.0,0.0,6038.0,347.0,6306.0
0,0,0,0,0,0,0,0,0,1,0.0,0.0,0.0,0.0,0.0,0.0,4423.0,0.0,0.0,0.0,0.0,0.0,0.0,0.0,0.0,0.0,7161.0,216.0,2888.0
0,0,0,0,0,0,0,0,0,1,0.0,0.0,0.0,0.0,0.0,0.0,2637.0,0.0,0.0,0.0,0.0,0.0,0.0,0.0,0.0,0.0,7113.0,223.0,4051.0
0,0,0,0,0,0,0,0,0,1,0.0,0.0,0.0,0.0,0.0,0.0,1935.0,0.0,0.0,0.0,0.0,0.0,0.0,0.0,0.0,0.0,4338.0,0.0,1039.0
0,0,0,0,0,0,0,0,0,1,0.0,0.0,0.0,0.0,0.0,0.0,8223.0,319.0,0.0,0.0,0.0,0.0,0.0,0.0,0.0,0.0,6168.0,741.0,6456.0
0,0,0,0,0,0,0,0,0,1,0.0,0.0,0.0,0.0,0.0,0.0,9039.0,287.0,170.0,0.0,0.0,0.0,0.0,0.0,0.0,0.0,5326.0,1377.0,7589.0
0,0,0,0,0,0,0,0,0,1,0.0,0.0,0.0,0.0,0.0,0.0,8990.0,755.0,266.0,0.0,746.0,0.0,0.0,0.0,0.0,0.0,4261.0,1303.0,7430.0
0,0,0,0,0,0,0,0,0,1,0.0,0.0,0.0,0.0,0.0,0.0,8862.0,1552.0,321.0,0.0,0.0,0.0,0.0,0.0,0.0,0.0,3871.0,1325.0,7228.0
0,0,0,0,0,0,0,0,0,1,0.0,0.0,0.0,0.0,0.0,0.0,8949.0,219.0,311.0,0.0,1052.0,0.0,0.0,0.0,0.0,0.0,4267.0,1020.0,7047.0
0,0,0,0,0,0,0,0,0,1,0.0,0.0,0.0,0.0,0.0,0.0,8514.0,7000.0,469.0,0.0,1244.0,0.0,0.0,0.0,0.0,0.0,7000.0,7000.0,7372.0
0,0,0,0,0,0,0,0,0,1,0.0,0.0,0.0,0.0,0.0,0.0,8099.0,596.0,488.0,0.0,0.0,0.0,0.0,0.0,0.0,0.0,5753.0,1622.0,7010.0
0,0,0,0,0,0,0,0,0,1,0.0,0.0,0.0,0.0,0.0,0.0,8234.0,1262.0,331.0,0.0,2405.0,0.0,0.0,0.0,0.0,0.0,5199.0,1890.0,7304.0
0,0,1,0,0,0,0,0,0,0,7864.0,1666.0,5881.0,0.0,0.0,0.0,0.0,399.0,0.0,2064.0,1253.0,4051.0,0.0,0.0,0.0,0.0,6075.0,6738.0,7480.0
0,0,1,0,0,0,0,0,0,0,7386.0,1231.0,6087.0,0.0,0.0,0.0,0.0,0.0,0.0,4261.0,4183.0,6502.0,0.0,0.0,0.0,0.0,5725.0,6711.0,6855.0
0,0,1,0,0,0,0,0,0,0,7548.0,1667.0,6779.0,0.0,0.0,0.0,665.0,0.0,0.0,4588.0,3655.0,7146.0,0.0,0.0,0.0,0.0,6003.0,6680.0,6625.0
0,0,1,0,0,0,0,0,0,0,7908.0,597.0,2371.0,0.0,0.0,0.0,690.0,0.0,0.0,1739.0,2637.0,5841.0,0.0,0.0,0.0,0.0,5974.0,6543.0,7276.0
0,0,1,0,0,0,0,0,0,0,8391.0,298.0,2139.0,0.0,0.0,0.0,0.0,0.0,0.0,657.0,4115.0,3108.0,0.0,0.0,0.0,0.0,7274.0,5485.0,7060.0
0,0,1,0,0,0,0,0,0,0,7266.0,4075.0,8628.0,0.0,0.0,0.0,0.0,0.0,163.0,9204.0,3343.0,4290.0,0.0,0.0,0.0,0.0,5971.0,6410.0,6800.0
0,0,1,0,0,0,0,0,0,0,7789.0,0.0,325.0,0.0,0.0,0.0,0.0,0.0,0.0,0.0,0.0,0.0,0.0,0.0,0.0,0.0,3811.0,936.0,759.0
0,0,1,0,0,0,0,0,0,0,7563.0,0.0,0.0,0.0,0.0,0.0,0.0,0.0,0.0,0.0,0.0,0.0,0.0,0.0,0.0,0.0,5309.0,1262.0,798.0
0,0,1,0,0,0,0,0,0,0,8008.0,0.0,0.0,0.0,0.0,0.0,0.0,273.0,0.0,0.0,0.0,266.0,0.0,0.0,0.0,0.0,3994.0,817.0,684.0
0,0,1,0,0,0,0,0,0,0,7763.0,0.0,0.0,0.0,0.0,0.0,0.0,0.0,0.0,0.0,0.0,0.0,0.0,0.0,0.0,0.0,4616.0,1063.0,657.0
0,0,1,0,0,0,0,0,0,0,6247.0,545.0,2368.0,0.0,0.0,0.0,0.0,0.0,0.0,0.0,0.0,0.0,0.0,0.0,0.0,0.0,3839.0,4987.0,5289.0
0,0,1,0,0,0,0,0,0,0,6632.0,1618.0,1417.0,0.0,0.0,0.0,0.0,0.0,0.0,418.0,0.0,324.0,0.0,0.0,0.0,0.0,4074.0,4593.0,7119.0
0,0,1,0,0,0,0,0,0,0,6078.0,1915.0,2955.0,0.0,0.0,0.0,0.0,0.0,0.0,465.0,0.0,248.0,0.0,0.0,0.0,0.0,4185.0,4708.0,6796.0
0,0,1,0,0,0,0,0,0,0,6150.0,1095.0,2661.0,0.0,0.0,0.0,0.0,0.0,0.0,199.0,0.0,516.0,0.0,0.0,0.0,0.0,3348.0,4997.0,7182.0
0,0,1,0,0,0,0,0,0,0,5745.0,3026.0,4082.0,0.0,0.0,0.0,954.0,0.0,0.0,786.0,0.0,708.0,0.0,0.0,0.0,0.0,5639.0,3082.0,6938.0
0,0,1,0,0,0,0,0,0,0,6421.0,2681.0,6330.0,0.0,0.0,0.0,0.0,0.0,0.0,745.0,1288.0,317.0,0.0,0.0,0.0,0.0,5248.0,3243.0,6995.0
0,0,1,0,0,0,0,0,0,0,6380.0,2670.0,6319.0,0.0,0.0,0.0,0.0,0.0,0.0,617.0,2267.0,222.0,0.0,0.0,0.0,0.0,4668.0,3823.0,7038.0
0,0,1,0,0,0,0,0,0,0,5967.0,2157.0,5881.0,0.0,0.0,0.0,0.0,0.0,0.0,626.0,0.0,411.0,0.0,0.0,0.0,0.0,4553.0,2717.0,6797.0
0,0,1,0,0,0,0,0,0,0,548.0,0.0,0.0,0.0,0.0,0.0,195.0,256.0,0.0,0.0,0.0,0.0,0.0,0.0,0.0,0.0,258.0,0.0,860.0
0,0,1,0,0,0,0,0,0,0,153.0,0.0,0.0,0.0,0.0,0.0,369.0,0.0,0.0,0.0,0.0,0.0,0.0,0.0,0.0,0.0,619.0,0.0,250.0
0,0,1,0,0,0,0,0,0,0,1229.0,0.0,0.0,0.0,0.0,0.0,1522.0,0.0,0.0,0.0,0.0,308.0,0.0,0.0,0.0,0.0,1036.0,158.0,1261.0
0,0,1,0,0,0,0,0,0,0,4436.0,0.0,0.0,0.0,0.0,0.0,1750.0,1215.0,0.0,0.0,0.0,632.0,0.0,0.0,0.0,0.0,2879.0,836.0,6964.0
0,0,1,0,0,0,0,0,0,0,3266.0,0.0,0.0,0.0,0.0,0.0,680.0,895.0,0.0,0.0,0.0,420.0,0.0,0.0,0.0,0.0,4276.0,312.0,4956.0
0,0,1,0,0,0,0,0,0,0,4962.0,0.0,0.0,0.0,0.0,0.0,1106.0,788.0,0.0,0.0,0.0,0.0,0.0,0.0,0.0,0.0,2556.0,1253.0,7293.0
0,0,1,0,0,0,0,0,0,0,3102.0,0.0,0.0,0.0,0.0,0.0,0.0,460.0,0.0,0.0,0.0,0.0,0.0,0.0,0.0,0.0,4929.0,572.0,4308.0
0,0,1,0,0,0,0,0,0,0,4354.0,0.0,0.0,0.0,165.0,0.0,261.0,3243.0,0.0,0.0,0.0,343.0,0.0,0.0,0.0,0.0,6439.0,870.0,3529.0
0,0,1,0,0,0,0,0,0,0,5580.0,0.0,0.0,0.0,0.0,0.0,779.0,1806.0,0.0,0.0,0.0,0.0,0.0,0.0,0.0,0.0,5127.0,818.0,6148.0
0,0,1,0,0,0,0,0,0,0,3368.0,0.0,0.0,0.0,0.0,0.0,1543.0,400.0,0.0,0.0,0.0,299.0,0.0,0.0,0.0,0.0,2691.0,602.0,3369.0
0,0,1,0,0,0,0,0,0,0,5252.0,0.0,0.0,0.0,0.0,0.0,1319.0,1160.0,0.0,0.0,0.0,0.0,0.0,0.0,0.0,0.0,6876.0,1063.0,5027.0
0,0,1,0,0,0,0,0,0,0,2474.0,0.0,0.0,0.0,0.0,0.0,6847.0,1563.0,0.0,0.0,0.0,0.0,0.0,0.0,0.0,0.0,5272.0,6240.0,4193.0
0,0,1,0,0,0,0,0,0,0,1879.0,199.0,0.0,0.0,0.0,0.0,1265.0,1022.0,209.0,0.0,0.0,0.0,0.0,0.0,0.0,0.0,6454.0,4535.0,5026.0
0,0,1,0,0,0,0,0,0,0,2254.0,0.0,0.0,0.0,0.0,0.0,4115.0,1284.0,304.0,0.0,0.0,0.0,0.0,0.0,0.0,0.0,6754.0,5494.0,5250.0
0,0,1,0,0,0,0,0,0,0,1433.0,0.0,0.0,0.0,0.0,0.0,3393.0,336.0,0.0,0.0,0.0,0.0,0.0,0.0,0.0,0.0,3893.0,3234.0,3515.0
0,0,1,0,0,0,0,0,0,0,7905.0,0.0,587.0,0.0,0.0,0.0,8894.0,1893.0,816.0,0.0,0.0,0.0,0.0,0.0,0.0,0.0,5120.0,5755.0,6491.0
0,0,1,0,0,0,0,0,0,0,6958.0,0.0,619.0,0.0,0.0,0.0,8862.0,4626.0,554.0,0.0,0.0,0.0,0.0,0.0,0.0,0.0,5309.0,6253.0,7551.0
0,0,1,0,0,0,0,0,0,0,6979.0,0.0,497.0,0.0,0.0,0.0,8651.0,7100.0,784.0,0.0,0.0,0.0,0.0,0.0,0.0,0.0,5941.0,6960.0,7650.0
0,0,1,0,0,0,0,0,0,0,7989.0,0.0,0.0,0.0,0.0,0.0,8876.0,5791.0,1585.0,0.0,0.0,0.0,0.0,0.0,0.0,0.0,5336.0,5923.0,6914.0
0,0,1,0,0,0,0,0,0,0,7826.0,0.0,1497.0,0.0,0.0,0.0,8586.0,9331.0,1119.0,0.0,0.0,0.0,0.0,0.0,0.0,0.0,2620.0,3731.0,7006.0
0,0,1,0,0,0,0,0,0,0,7629.0,0.0,195.0,0.0,0.0,0.0,8411.0,8658.0,590.0,0.0,1917.0,0.0,0.0,0.0,0.0,0.0,3691.0,4562.0,7420.0
0,0,1,0,0,0,0,0,0,0,7928.0,0.0,2218.0,0.0,0.0,0.0,8643.0,9190.0,918.0,0.0,0.0,0.0,0.0,0.0,0.0,0.0,4059.0,5006.0,7439.0
0,0,1,0,0,0,0,0,0,0,7574.0,0.0,910.0,0.0,0.0,0.0,8807.0,8238.0,685.0,0.0,0.0,0.0,0.0,0.0,0.0,0.0,4654.0,5395.0,7768.0
0,0,1,0,0,0,0,0,0,0,7955.0,0.0,0.0,0.0,0.0,0.0,2800.0,416.0,724.0,0.0,0.0,177.0,0.0,0.0,0.0,0.0,5608.0,4097.0,4487.0
0,0,1,0,0,0,0,0,0,0,7288.0,0.0,0.0,0.0,0.0,0.0,2365.0,2826.0,1962.0,0.0,364.0,162.0,0.0,0.0,0.0,0.0,6398.0,4597.0,7293.0
0,0,1,0,0,0,0,0,0,0,7851.0,0.0,0.0,0.0,0.0,0.0,1981.0,1847.0,1468.0,0.0,0.0,0.0,0.0,0.0,0.0,0.0,6642.0,3805.0,5698.0
0,0,1,0,0,0,0,0,0,0,7597.0,0.0,0.0,0.0,0.0,0.0,2555.0,2272.0,1209.0,0.0,0.0,287.0,0.0,0.0,0.0,0.0,6505.0,4288.0,5664.0
0,0,1,0,0,0,0,0,0,0,6465.0,217.0,544.0,0.0,0.0,0.0,7935.0,3925.0,4799.0,257.0,1370.0,0.0,0.0,0.0,0.0,0.0,4605.0,5756.0,6719.0
0,0,1,0,0,0,0,0,0,0,7762.0,0.0,0.0,0.0,0.0,0.0,5694.0,2396.0,4264.0,232.0,2113.0,294.0,0.0,0.0,0.0,0.0,5976.0,6545.0,7493.0
0,0,1,0,0,0,0,0,0,0,7328.0,191.0,0.0,0.0,0.0,0.0,8409.0,4594.0,4750.0,314.0,4728.0,699.0,0.0,0.0,0.0,0.0,5412.0,6338.0,6892.0
0,0,1,0,0,0,0,0,0,0,6582.0,236.0,686.0,0.0,0.0,0.0,5991.0,3462.0,8862.0,692.0,505.0,1117.0,0.0,0.0,0.0,0.0,4789.0,5940.0,6842.0
0,0,1,0,0,0,0,0,0,0,6352.0,295.0,1581.0,0.0,0.0,0.0,9011.0,8819.0,8936.0,605.0,7005.0,1005.0,0.0,0.0,0.0,0.0,3490.0,4405.0,6901.0
0,0,1,0,0,0,0,0,0,0,7166.0,195.0,634.0,0.0,0.0,0.0,8673.0,7820.0,8531.0,551.0,4644.0,903.0,0.0,0.0,0.0,0.0,4281.0,5239.0,6629.0
0,0,1,0,0,0,0,0,0,0,6786.0,767.0,0.0,0.0,0.0,0.0,8655.0,6696.0,9451.0,1370.0,3257.0,3383.0,0.0,0.0,0.0,0.0,4100.0,4413.0,7140.0
0,0,1,0,0,0,0,0,0,0,6356.0,381.0,0.0,0.0,0.0,0.0,8835.0,9253.0,8153.0,418.0,4223.0,0.0,0.0,0.0,0.0,0.0,3555.0,4058.0,7096.0
0,0,1,0,0,0,0,0,0,0,7861.0,0.0,0.0,0.0,0.0,0.0,0.0,0.0,0.0,0.0,0.0,0.0,0.0,0.0,0.0,0.0,1848.0,0.0,328.0
0,0,1,0,0,0,0,0,0,0,7837.0,0.0,0.0,0.0,0.0,0.0,0.0,0.0,0.0,0.0,0.0,0.0,0.0,0.0,0.0,0.0,1565.0,0.0,444.0
0,0,1,0,0,0,0,0,0,0,8113.0,0.0,0.0,0.0,0.0,0.0,0.0,0.0,0.0,0.0,0.0,609.0,0.0,0.0,0.0,0.0,1947.0,0.0,421.0
0,0,1,0,0,0,0,0,0,0,8091.0,0.0,0.0,0.0,0.0,0.0,0.0,0.0,0.0,0.0,0.0,196.0,0.0,0.0,0.0,0.0,2561.0,0.0,459.0
0,0,1,0,0,0,0,0,0,0,7007.0,0.0,0.0,0.0,0.0,0.0,0.0,0.0,0.0,0.0,1139.0,537.0,0.0,0.0,0.0,0.0,6724.0,163.0,1718.0
0,0,1,0,0,0,0,0,0,0,7145.0,0.0,0.0,0.0,0.0,0.0,0.0,0.0,0.0,0.0,0.0,1289.0,0.0,0.0,0.0,0.0,6928.0,265.0,1896.0
0,0,1,0,0,0,0,0,0,0,7221.0,0.0,0.0,0.0,0.0,0.0,0.0,246.0,0.0,0.0,0.0,400.0,0.0,0.0,0.0,0.0,6887.0,158.0,1430.0
0,0,1,0,0,0,0,0,0,0,7606.0,0.0,0.0,0.0,0.0,0.0,0.0,0.0,0.0,0.0,0.0,197.0,0.0,0.0,0.0,0.0,6751.0,221.0,1068.0
0,0,1,0,0,0,0,0,0,0,6524.0,0.0,0.0,0.0,0.0,0.0,0.0,0.0,0.0,207.0,0.0,1402.0,0.0,0.0,0.0,0.0,5865.0,382.0,2480.0
0,0,1,0,0,0,0,0,0,0,5998.0,0.0,0.0,0.0,0.0,0.0,0.0,0.0,0.0,0.0,1093.0,1374.0,0.0,0.0,0.0,0.0,6051.0,306.0,1824.0
0,0,1,0,0,0,0,0,0,0,6657.0,234.0,0.0,0.0,0.0,0.0,0.0,0.0,0.0,0.0,1458.0,1368.0,0.0,0.0,0.0,0.0,6325.0,353.0,1903.0
0,0,1,0,0,0,0,0,0,0,6933.0,156.0,179.0,0.0,0.0,0.0,0.0,0.0,0.0,0.0,0.0,843.0,0.0,0.0,0.0,0.0,7199.0,366.0,2191.0
0,0,1,0,0,0,0,0,0,0,7043.0,212.0,481.0,0.0,0.0,0.0,0.0,0.0,0.0,0.0,0.0,351.0,0.0,0.0,0.0,0.0,6642.0,5163.0,1829.0
0,0,1,0,0,0,0,0,0,0,7041.0,216.0,3617.0,0.0,0.0,0.0,0.0,0.0,0.0,0.0,1034.0,0.0,0.0,0.0,0.0,0.0,6902.0,4543.0,1110.0
0,0,1,0,0,0,0,0,0,0,6787.0,316.0,1383.0,0.0,0.0,0.0,0.0,0.0,523.0,0.0,0.0,0.0,0.0,0.0,0.0,0.0,6616.0,4106.0,1514.0
0,0,1,0,0,0,0,0,0,0,7076.0,384.0,1800.0,0.0,0.0,0.0,0.0,0.0,0.0,0.0,0.0,0.0,0.0,0.0,0.0,0.0,6810.0,4767.0,1956.0
0,0,1,0,0,0,0,0,0,0,6210.0,1264.0,4560.0,0.0,0.0,0.0,0.0,0.0,0.0,0.0,0.0,173.0,0.0,0.0,0.0,0.0,5679.0,6281.0,5842.0
0,0,1,0,0,0,0,0,0,0,6385.0,1549.0,4793.0,0.0,0.0,0.0,1086.0,0.0,0.0,0.0,4578.0,561.0,0.0,0.0,0.0,0.0,5728.0,6180.0,7330.0
0,0,1,0,0,0,0,0,0,0,6120.0,1519.0,2688.0,0.0,0.0,0.0,1129.0,0.0,0.0,0.0,1156.0,197.0,0.0,0.0,0.0,0.0,5947.0,6539.0,5716.0
0,0,1,0,0,0,0,0,0,0,6636.0,1292.0,4888.0,0.0,0.0,0.0,1267.0,0.0,0.0,0.0,3509.0,0.0,0.0,0.0,0.0,0.0,5250.0,5755.0,5854.0
0,0,1,0,0,0,0,0,0,0,7744.0,0.0,234.0,0.0,0.0,0.0,0.0,0.0,0.0,0.0,0.0,0.0,0.0,0.0,0.0,0.0,1228.0,472.0,236.0
0,0,1,0,0,0,0,0,0,0,7763.0,0.0,933.0,0.0,0.0,0.0,0.0,0.0,0.0,0.0,0.0,0.0,0.0,0.0,0.0,0.0,372.0,1256.0,514.0
0,0,1,0,0,0,0,0,0,0,7971.0,0.0,467.0,0.0,0.0,0.0,0.0,0.0,0.0,0.0,562.0,0.0,0.0,0.0,0.0,0.0,515.0,843.0,423.0
0,0,1,0,0,0,0,0,0,0,7895.0,0.0,0.0,0.0,0.0,0.0,0.0,0.0,0.0,0.0,0.0,0.0,0.0,0.0,0.0,0.0,783.0,477.0,192.0
0,0,1,0,0,0,0,0,0,0,7718.0,0.0,0.0,0.0,0.0,0.0,4804.0,867.0,0.0,0.0,0.0,0.0,0.0,0.0,0.0,0.0,711.0,2872.0,2020.0
0,0,1,0,0,0,0,0,0,0,7955.0,0.0,0.0,0.0,0.0,0.0,2956.0,2396.0,0.0,0.0,0.0,0.0,0.0,0.0,0.0,0.0,1693.0,2122.0,669.0
0,0,1,0,0,0,0,0,0,0,7557.0,0.0,415.0,0.0,0.0,0.0,6101.0,1991.0,0.0,0.0,0.0,0.0,0.0,0.0,0.0,0.0,925.0,3670.0,1790.0
0,0,1,0,0,0,0,0,0,0,7915.0,161.0,0.0,0.0,0.0,0.0,4219.0,2462.0,0.0,0.0,0.0,0.0,0.0,0.0,0.0,0.0,737.0,2785.0,2531.0
0,0,1,0,0,0,0,0,0,0,6691.0,0.0,403.0,0.0,0.0,0.0,8830.0,6537.0,288.0,0.0,0.0,0.0,0.0,0.0,0.0,0.0,1977.0,7068.0,7043.0
0,0,1,0,0,0,0,0,0,0,7150.0,229.0,258.0,0.0,0.0,0.0,5687.0,7969.0,261.0,0.0,0.0,0.0,0.0,0.0,0.0,0.0,5150.0,7525.0,7427.0
0,0,1,0,0,0,0,0,0,0,6549.0,443.0,577.0,0.0,0.0,0.0,8737.0,9003.0,197.0,0.0,0.0,700.0,0.0,0.0,0.0,0.0,1917.0,7245.0,7260.0
0,0,1,0,0,0,0,0,0,0,7050.0,0.0,389.0,0.0,0.0,0.0,8763.0,7875.0,269.0,0.0,0.0,0.0,0.0,0.0,0.0,0.0,1532.0,7194.0,6381.0
0,0,1,0,0,0,0,0,0,0,6077.0,0.0,0.0,0.0,0.0,0.0,8552.0,9074.0,295.0,0.0,0.0,0.0,0.0,0.0,0.0,0.0,5878.0,7103.0,7182.0
0,0,1,0,0,0,0,0,0,0,7501.0,0.0,0.0,0.0,0.0,0.0,8573.0,8028.0,277.0,0.0,0.0,0.0,0.0,0.0,0.0,0.0,3886.0,7250.0,6490.0
0,0,1,0,0,0,0,0,0,0,7496.0,0.0,487.0,0.0,0.0,0.0,8929.0,7739.0,160.0,0.0,0.0,0.0,0.0,0.0,0.0,0.0,6304.0,7360.0,4982.0
0,0,1,0,0,0,0,0,0,0,8289.0,0.0,0.0,0.0,0.0,0.0,7754.0,3551.0,0.0,0.0,0.0,0.0,0.0,0.0,0.0,0.0,3488.0,6304.0,2609.0
0,0,1,0,0,0,0,0,0,0,8198.0,0.0,0.0,0.0,0.0,0.0,2807.0,368.0,0.0,0.0,0.0,414.0,0.0,0.0,0.0,0.0,2595.0,479.0,2761.0
0,0,1,0,0,0,0,0,0,0,8252.0,0.0,0.0,0.0,0.0,0.0,5038.0,1348.0,0.0,0.0,0.0,339.0,0.0,0.0,0.0,0.0,6075.0,402.0,2975.0
0,0,1,0,0,0,0,0,0,0,8120.0,0.0,0.0,0.0,0.0,0.0,5333.0,2083.0,0.0,0.0,0.0,314.0,0.0,0.0,0.0,0.0,4290.0,503.0,3665.0
0,0,1,0,0,0,0,0,0,0,7504.0,259.0,0.0,0.0,0.0,0.0,8103.0,1103.0,0.0,0.0,0.0,0.0,0.0,0.0,0.0,0.0,4584.0,1353.0,7492.0
0,0,1,0,0,0,0,0,0,0,6211.0,1248.0,3484.0,0.0,0.0,0.0,8589.0,7042.0,0.0,2456.0,1536.0,3424.0,0.0,0.0,0.0,0.0,5097.0,6117.0,5975.0
0,0,1,0,0,0,0,0,0,0,5947.0,1895.0,0.0,0.0,0.0,0.0,8242.0,7730.0,222.0,1837.0,7880.0,6505.0,0.0,0.0,0.0,0.0,5065.0,6096.0,6123.0
0,0,1,0,0,0,0,0,0,0,6434.0,827.0,423.0,0.0,0.0,0.0,8477.0,7776.0,0.0,1595.0,1110.0,4309.0,0.0,0.0,0.0,0.0,5649.0,5714.0,6402.0
0,0,1,0,0,0,0,0,0,0,6872.0,954.0,320.0,0.0,0.0,0.0,8654.0,6107.0,186.0,1389.0,1041.0,5023.0,0.0,0.0,0.0,0.0,5725.0,5255.0,6526.0
0,0,1,0,0,0,0,0,0,0,5964.0,3106.0,257.0,0.0,0.0,0.0,7930.0,9195.0,211.0,2185.0,7442.0,4126.0,0.0,0.0,0.0,0.0,4708.0,5047.0,6643.0
0,0,1,0,0,0,0,0,0,0,5886.0,1738.0,0.0,0.0,0.0,0.0,7508.0,9387.0,178.0,1781.0,3155.0,5708.0,0.0,0.0,0.0,0.0,3951.0,5307.0,6415.0
0,0,1,0,0,0,0,0,0,0,7187.0,571.0,580.0,0.0,0.0,0.0,8168.0,5541.0,0.0,565.0,1278.0,4993.0,0.0,0.0,0.0,0.0,4398.0,3333.0,6924.0
0,0,1,0,0,0,0,0,0,0,5755.0,1424.0,597.0,0.0,0.0,0.0,7714.0,8115.0,0.0,2262.0,3184.0,5840.0,0.0,0.0,0.0,0.0,3883.0,5185.0,6530.0
0,0,1,0,0,0,0,0,0,0,6766.0,772.0,0.0,0.0,0.0,0.0,0.0,0.0,0.0,0.0,0.0,0.0,0.0,0.0,0.0,0.0,2895.0,247.0,2977.0
0,0,1,0,0,0,0,0,0,0,6857.0,1078.0,0.0,0.0,0.0,0.0,0.0,0.0,0.0,0.0,0.0,0.0,0.0,0.0,0.0,0.0,6708.0,220.0,5003.0
0,0,1,0,0,0,0,0,0,0,6730.0,757.0,0.0,0.0,0.0,0.0,0.0,0.0,0.0,0.0,0.0,475.0,0.0,0.0,0.0,0.0,6877.0,405.0,5379.0
0,0,1,0,0,0,0,0,0,0,5403.0,1394.0,0.0,0.0,0.0,0.0,0.0,0.0,0.0,0.0,1387.0,0.0,0.0,0.0,0.0,0.0,6561.0,503.0,7077.0
0,0,1,0,0,0,0,0,0,0,5705.0,3229.0,0.0,0.0,0.0,0.0,0.0,0.0,0.0,0.0,1302.0,258.0,0.0,0.0,0.0,0.0,3647.0,354.0,6933.0
0,0,1,0,0,0,0,0,0,0,5833.0,8772.0,0.0,0.0,0.0,0.0,0.0,0.0,0.0,1899.0,1366.0,2246.0,0.0,0.0,0.0,0.0,4239.0,4573.0,6195.0
0,0,1,0,0,0,0,0,0,0,6575.0,7229.0,0.0,0.0,0.0,0.0,0.0,0.0,0.0,409.0,969.0,838.0,0.0,0.0,0.0,0.0,5960.0,2154.0,7167.0
0,0,1,0,0,0,0,0,0,0,5745.0,8643.0,0.0,0.0,0.0,0.0,0.0,0.0,0.0,537.0,1212.0,560.0,0.0,0.0,0.0,0.0,5172.0,2574.0,6889.0
0,0,1,0,0,0,0,0,0,0,6003.0,8712.0,213.0,0.0,0.0,0.0,0.0,0.0,0.0,521.0,1944.0,2792.0,0.0,0.0,0.0,0.0,3894.0,3303.0,6978.0
0,0,1,0,0,0,0,0,0,0,7885.0,2487.0,0.0,0.0,0.0,0.0,0.0,0.0,0.0,0.0,661.0,747.0,0.0,0.0,0.0,0.0,6888.0,1215.0,7263.0
0,0,1,0,0,0,0,0,0,0,6139.0,7742.0,0.0,0.0,0.0,0.0,0.0,0.0,0.0,376.0,4057.0,1812.0,0.0,0.0,0.0,0.0,4513.0,3358.0,6591.0
0,0,1,0,0,0,0,0,0,0,5482.0,7498.0,0.0,0.0,0.0,0.0,0.0,0.0,0.0,320.0,1655.0,3166.0,0.0,0.0,0.0,0.0,3741.0,2874.0,6806.0
0,0,0,0,0,1,0,0,0,0,0.0,0.0,0.0,0.0,0.0,0.0,0.0,0.0,0.0,0.0,0.0,0.0,485.0,0.0,8112.0,2625.0,0.0,0.0,814.0
0,0,0,0,0,1,0,0,0,0,0.0,0.0,0.0,0.0,0.0,0.0,0.0,0.0,0.0,0.0,0.0,0.0,902.0,0.0,4104.0,2311.0,0.0,0.0,0.0
0,0,0,0,0,1,0,0,0,0,0.0,0.0,0.0,0.0,0.0,0.0,0.0,0.0,0.0,0.0,0.0,0.0,361.0,0.0,7812.0,2666.0,0.0,219.0,1461.0
0,0,0,0,0,1,0,0,0,0,0.0,0.0,0.0,0.0,0.0,0.0,0.0,0.0,0.0,0.0,0.0,0.0,870.0,0.0,8309.0,1390.0,0.0,219.0,683.0
0,0,0,0,0,1,0,0,0,0,0.0,0.0,0.0,0.0,0.0,0.0,0.0,0.0,0.0,0.0,0.0,0.0,153.0,874.0,6133.0,6723.0,0.0,822.0,1916.0
0,0,0,0,0,1,0,0,0,0,0.0,0.0,0.0,0.0,0.0,0.0,0.0,0.0,0.0,0.0,0.0,0.0,4413.0,626.0,7410.0,7392.0,0.0,758.0,5638.0
0,0,0,0,0,1,0,0,0,0,0.0,0.0,0.0,0.0,0.0,0.0,0.0,0.0,0.0,0.0,0.0,0.0,2897.0,507.0,6853.0,7917.0,0.0,834.0,4479.0
0,0,0,0,0,1,0,0,0,0,0.0,0.0,0.0,0.0,0.0,0.0,0.0,0.0,0.0,0.0,0.0,0.0,2066.0,825.0,6957.0,5724.0,0.0,746.0,4175.0
0,0,0,0,0,1,0,0,0,0,0.0,0.0,0.0,0.0,0.0,0.0,0.0,0.0,0.0,0.0,0.0,0.0,8970.0,2518.0,6954.0,6865.0,0.0,3015.0,7437.0
0,0,0,0,0,1,0,0,0,0,0.0,0.0,0.0,0.0,0.0,0.0,0.0,0.0,0.0,0.0,0.0,0.0,8882.0,3785.0,6165.0,6451.0,0.0,2874.0,7276.0
0,0,0,0,0,1,0,0,0,0,0.0,0.0,0.0,0.0,0.0,0.0,0.0,0.0,0.0,0.0,0.0,0.0,7933.0,2316.0,5987.0,6862.0,0.0,3323.0,7034.0
0,0,0,0,0,1,0,0,0,0,0.0,0.0,0.0,0.0,0.0,0.0,0.0,0.0,0.0,0.0,0.0,0.0,8803.0,1995.0,5638.0,6989.0,0.0,1407.0,7584.0
0,0,0,0,0,1,0,0,0,0,0.0,0.0,0.0,0.0,0.0,0.0,0.0,0.0,0.0,0.0,0.0,0.0,1077.0,345.0,7979.0,3139.0,0.0,0.0,1036.0
0,0,0,0,0,1,0,0,0,0,0.0,0.0,0.0,0.0,0.0,0.0,0.0,0.0,0.0,0.0,0.0,0.0,0.0,286.0,7303.0,2183.0,0.0,160.0,780.0
0,0,0,0,0,1,0,0,0,0,0.0,0.0,0.0,0.0,0.0,0.0,0.0,0.0,0.0,0.0,0.0,0.0,0.0,0.0,3093.0,340.0,0.0,0.0,229.0
0,0,0,0,0,1,0,0,0,0,0.0,0.0,0.0,0.0,0.0,0.0,0.0,0.0,0.0,0.0,0.0,0.0,0.0,0.0,4456.0,1926.0,0.0,0.0,241.0
0,0,0,0,0,1,0,0,0,0,0.0,0.0,0.0,0.0,0.0,0.0,0.0,0.0,0.0,0.0,0.0,0.0,214.0,2330.0,6659.0,6416.0,0.0,2298.0,6205.0
0,0,0,0,0,1,0,0,0,0,0.0,0.0,0.0,0.0,0.0,0.0,0.0,0.0,0.0,0.0,0.0,0.0,2134.0,1782.0,6851.0,4192.0,0.0,527.0,3643.0
0,0,0,0,0,1,0,0,0,0,0.0,0.0,0.0,0.0,0.0,0.0,0.0,0.0,0.0,0.0,0.0,0.0,0.0,745.0,7072.0,7031.0,0.0,466.0,3504.0
0,0,0,0,0,1,0,0,0,0,0.0,0.0,0.0,0.0,0.0,0.0,0.0,0.0,0.0,0.0,0.0,0.0,811.0,651.0,7004.0,7556.0,0.0,0.0,3249.0
0,0,0,0,0,1,0,0,0,0,0.0,0.0,0.0,0.0,0.0,0.0,0.0,0.0,0.0,0.0,0.0,0.0,1018.0,1628.0,6076.0,6861.0,0.0,1043.0,5241.0
0,0,0,0,0,1,0,0,0,0,0.0,0.0,0.0,0.0,0.0,0.0,0.0,0.0,0.0,0.0,0.0,0.0,1970.0,1708.0,6716.0,7125.0,0.0,401.0,4996.0
0,0,0,0,0,1,0,0,0,0,0.0,0.0,0.0,0.0,0.0,0.0,0.0,0.0,0.0,0.0,0.0,0.0,898.0,1279.0,6738.0,7084.0,0.0,695.0,4043.0
0,0,0,0,0,1,0,0,0,0,0.0,0.0,0.0,0.0,0.0,0.0,0.0,0.0,0.0,0.0,0.0,0.0,0.0,1312.0,7202.0,7976.0,0.0,725.0,3482.0
0,0,0,0,0,1,0,0,0,0,0.0,0.0,0.0,0.0,0.0,0.0,0.0,0.0,0.0,0.0,0.0,0.0,0.0,0.0,2135.0,1648.0,0.0,0.0,429.0
0,0,0,0,0,1,0,0,0,0,0.0,0.0,0.0,0.0,0.0,0.0,0.0,0.0,0.0,0.0,0.0,0.0,0.0,206.0,2585.0,742.0,0.0,0.0,524.0
0,0,0,0,0,1,0,0,0,0,0.0,0.0,0.0,0.0,0.0,0.0,0.0,0.0,0.0,0.0,0.0,0.0,858.0,0.0,3522.0,745.0,0.0,0.0,414.0
0,0,0,0,0,1,0,0,0,0,0.0,0.0,0.0,0.0,0.0,0.0,0.0,0.0,0.0,0.0,0.0,0.0,1357.0,0.0,2109.0,2323.0,0.0,0.0,254.0
0,0,0,0,0,1,0,0,0,0,0.0,0.0,0.0,0.0,0.0,0.0,0.0,0.0,0.0,0.0,0.0,0.0,1343.0,265.0,7029.0,5780.0,0.0,412.0,815.0
0,0,0,0,0,1,0,0,0,0,0.0,0.0,0.0,0.0,0.0,0.0,0.0,0.0,0.0,0.0,0.0,0.0,2753.0,629.0,7879.0,1807.0,0.0,583.0,2512.0
0,0,0,0,0,1,0,0,0,0,0.0,0.0,0.0,0.0,0.0,0.0,0.0,0.0,0.0,0.0,0.0,0.0,7964.0,600.0,7681.0,7511.0,0.0,398.0,3103.0
0,0,0,0,0,1,0,0,0,0,0.0,0.0,0.0,0.0,0.0,0.0,0.0,0.0,0.0,0.0,0.0,0.0,4232.0,385.0,8660.0,3459.0,0.0,262.0,2706.0
0,0,0,0,0,1,0,0,0,0,0.0,0.0,0.0,0.0,0.0,0.0,0.0,0.0,0.0,0.0,0.0,0.0,3726.0,908.0,7484.0,7674.0,0.0,1025.0,3701.0
0,0,0,0,0,1,0,0,0,0,0.0,0.0,0.0,0.0,0.0,0.0,0.0,0.0,0.0,0.0,0.0,0.0,5488.0,1009.0,7799.0,7400.0,0.0,1534.0,5302.0
0,0,0,0,0,1,0,0,0,0,0.0,0.0,0.0,0.0,0.0,0.0,0.0,0.0,0.0,0.0,0.0,0.0,8826.0,1210.0,7225.0,6515.0,0.0,1634.0,5392.0
0,0,0,0,0,1,0,0,0,0,0.0,0.0,0.0,0.0,0.0,0.0,0.0,0.0,0.0,0.0,0.0,0.0,5310.0,813.0,7594.0,7204.0,0.0,1065.0,4759.0
0,0,0,0,0,1,0,0,0,0,0.0,0.0,0.0,0.0,0.0,0.0,0.0,0.0,0.0,0.0,0.0,0.0,0.0,0.0,1648.0,6683.0,0.0,0.0,550.0
0,0,0,0,0,1,0,0,0,0,0.0,0.0,0.0,0.0,0.0,0.0,0.0,0.0,0.0,0.0,0.0,0.0,0.0,174.0,692.0,2368.0,0.0,0.0,326.0
0,0,0,0,0,1,0,0,0,0,0.0,0.0,0.0,0.0,0.0,0.0,0.0,0.0,0.0,0.0,0.0,0.0,0.0,0.0,1097.0,797.0,0.0,0.0,283.0
0,0,0,0,0,1,0,0,0,0,0.0,0.0,0.0,0.0,0.0,0.0,0.0,0.0,0.0,0.0,0.0,0.0,327.0,0.0,1063.0,1030.0,0.0,0.0,476.0
0,0,0,0,0,1,0,0,0,0,0.0,0.0,0.0,0.0,0.0,0.0,0.0,0.0,0.0,0.0,0.0,0.0,0.0,685.0,4013.0,6796.0,0.0,725.0,1543.0
0,0,0,0,0,1,0,0,0,0,0.0,0.0,0.0,0.0,0.0,0.0,0.0,0.0,0.0,0.0,0.0,0.0,0.0,411.0,1300.0,3464.0,0.0,214.0,742.0
0,0,0,0,0,1,0,0,0,0,0.0,0.0,0.0,0.0,0.0,0.0,0.0,0.0,0.0,0.0,0.0,0.0,549.0,203.0,2957.0,4376.0,0.0,276.0,983.0
0,0,0,0,0,1,0,0,0,0,0.0,0.0,0.0,0.0,0.0,0.0,0.0,0.0,0.0,0.0,0.0,0.0,420.0,632.0,3361.0,7716.0,0.0,292.0,1134.0
0,0,0,0,0,1,0,0,0,0,0.0,0.0,0.0,0.0,0.0,0.0,0.0,0.0,0.0,0.0,0.0,0.0,480.0,1024.0,8496.0,6913.0,0.0,967.0,3715.0
0,0,0,0,0,1,0,0,0,0,0.0,0.0,0.0,0.0,0.0,0.0,0.0,0.0,0.0,0.0,0.0,0.0,493.0,1924.0,8262.0,6702.0,0.0,1566.0,7513.0
0,0,0,0,0,1,0,0,0,0,0.0,0.0,0.0,0.0,0.0,0.0,0.0,0.0,0.0,0.0,0.0,0.0,583.0,1215.0,7801.0,7218.0,0.0,1312.0,7183.0
0,0,0,0,0,1,0,0,0,0,0.0,0.0,0.0,0.0,0.0,0.0,0.0,0.0,0.0,0.0,0.0,0.0,0.0,2473.0,7907.0,6960.0,0.0,1754.0,7611.0
0,0,0,0,0,1,0,0,0,0,0.0,0.0,0.0,0.0,0.0,0.0,0.0,0.0,0.0,0.0,0.0,0.0,709.0,0.0,7280.0,2737.0,0.0,0.0,386.0
0,0,0,0,0,1,0,0,0,0,0.0,0.0,0.0,0.0,0.0,0.0,152.0,0.0,0.0,0.0,0.0,0.0,0.0,0.0,7198.0,2176.0,0.0,0.0,368.0
0,0,0,0,0,1,0,0,0,0,0.0,0.0,0.0,0.0,0.0,0.0,0.0,0.0,0.0,0.0,0.0,0.0,685.0,0.0,8113.0,0.0,0.0,0.0,153.0
0,0,0,0,0,1,0,0,0,0,0.0,0.0,0.0,0.0,0.0,0.0,0.0,0.0,0.0,0.0,0.0,0.0,0.0,0.0,7537.0,1316.0,0.0,0.0,462.0
0,0,0,0,0,1,0,0,0,0,0.0,0.0,0.0,0.0,0.0,0.0,0.0,0.0,0.0,0.0,0.0,0.0,0.0,293.0,6262.0,5549.0,0.0,329.0,632.0
0,0,0,0,0,1,0,0,0,0,0.0,0.0,0.0,0.0,0.0,0.0,0.0,0.0,0.0,0.0,0.0,0.0,1284.0,622.0,5755.0,7183.0,0.0,620.0,3277.0
0,0,0,0,0,1,0,0,0,0,0.0,0.0,0.0,0.0,0.0,0.0,0.0,0.0,0.0,0.0,0.0,0.0,803.0,475.0,6329.0,4222.0,0.0,238.0,788.0
0,0,0,0,0,1,0,0,0,0,0.0,0.0,0.0,0.0,0.0,0.0,0.0,0.0,0.0,0.0,0.0,0.0,235.0,855.0,5653.0,6748.0,0.0,173.0,1278.0
0,0,0,0,0,1,0,0,0,0,160.0,0.0,0.0,0.0,0.0,0.0,0.0,0.0,0.0,0.0,0.0,0.0,747.0,1474.0,6692.0,7065.0,0.0,789.0,3387.0
0,0,0,0,0,1,0,0,0,0,0.0,0.0,0.0,0.0,0.0,303.0,0.0,0.0,0.0,0.0,0.0,0.0,927.0,1372.0,6315.0,7013.0,0.0,924.0,2645.0
0,0,0,0,0,1,0,0,0,0,0.0,0.0,0.0,0.0,0.0,0.0,0.0,0.0,0.0,0.0,0.0,0.0,1377.0,583.0,6295.0,7025.0,0.0,979.0,3238.0
0,0,0,0,0,1,0,0,0,0,0.0,0.0,0.0,0.0,0.0,0.0,0.0,0.0,0.0,0.0,0.0,0.0,695.0,2113.0,6155.0,7403.0,0.0,646.0,4981.0
0,0,0,0,0,1,0,0,0,0,0.0,0.0,0.0,0.0,0.0,0.0,0.0,0.0,0.0,0.0,0.0,0.0,8168.0,204.0,7357.0,7288.0,0.0,1561.0,7303.0
0,0,0,0,0,1,0,0,0,0,0.0,0.0,0.0,0.0,0.0,0.0,0.0,0.0,0.0,0.0,0.0,0.0,8986.0,161.0,8094.0,7331.0,0.0,1372.0,7424.0
0,0,0,0,0,1,0,0,0,0,0.0,0.0,0.0,0.0,0.0,0.0,0.0,0.0,0.0,0.0,0.0,0.0,5858.0,0.0,6398.0,7112.0,0.0,727.0,5604.0
0,0,0,0,0,1,0,0,0,0,0.0,0.0,0.0,0.0,0.0,0.0,0.0,0.0,0.0,0.0,0.0,0.0,2800.0,0.0,3765.0,7486.0,0.0,673.0,1547.0
0,0,0,0,0,1,0,0,0,0,0.0,0.0,0.0,0.0,0.0,0.0,0.0,0.0,0.0,0.0,0.0,0.0,1941.0,0.0,7615.0,6268.0,0.0,4290.0,5365.0
0,0,0,0,0,1,0,0,0,0,0.0,0.0,0.0,0.0,0.0,0.0,0.0,0.0,0.0,0.0,0.0,0.0,5474.0,165.0,8106.0,5370.0,0.0,2810.0,6695.0
0,0,0,0,0,1,0,0,0,0,0.0,0.0,0.0,0.0,0.0,0.0,0.0,0.0,0.0,0.0,0.0,0.0,9175.0,185.0,8138.0,5580.0,0.0,3199.0,7203.0
0,0,0,0,0,1,0,0,0,0,0.0,0.0,0.0,0.0,0.0,0.0,0.0,0.0,0.0,0.0,0.0,0.0,9433.0,0.0,7669.0,5296.0,418.0,2704.0,6993.0
0,0,0,0,0,1,0,0,0,0,0.0,0.0,0.0,0.0,0.0,0.0,0.0,0.0,0.0,0.0,0.0,0.0,9323.0,244.0,7580.0,6107.0,0.0,3877.0,7365.0
0,0,0,0,0,1,0,0,0,0,0.0,0.0,0.0,0.0,0.0,0.0,0.0,0.0,0.0,0.0,0.0,0.0,9276.0,573.0,6942.0,5524.0,0.0,7114.0,7006.0
0,0,0,0,0,1,0,0,0,0,0.0,0.0,0.0,0.0,0.0,0.0,0.0,0.0,0.0,0.0,0.0,0.0,9260.0,312.0,7326.0,5736.0,0.0,5479.0,7081.0
0,0,0,0,0,1,0,0,0,0,0.0,0.0,0.0,0.0,0.0,0.0,0.0,0.0,0.0,0.0,0.0,0.0,9322.0,344.0,7532.0,5896.0,0.0,4800.0,7379.0
0,0,0,0,0,1,0,0,0,0,0.0,0.0,0.0,0.0,0.0,0.0,0.0,0.0,0.0,0.0,0.0,0.0,185.0,1189.0,289.0,5734.0,0.0,843.0,2171.0
0,0,0,0,0,1,0,0,0,0,0.0,0.0,0.0,0.0,0.0,0.0,0.0,0.0,0.0,0.0,0.0,0.0,450.0,1385.0,421.0,6955.0,0.0,491.0,2277.0
0,0,0,0,0,1,0,0,0,0,0.0,0.0,0.0,0.0,0.0,0.0,0.0,0.0,0.0,0.0,0.0,0.0,1062.0,1348.0,0.0,6620.0,0.0,696.0,3162.0
0,0,0,0,0,1,0,0,0,0,0.0,0.0,0.0,0.0,0.0,0.0,0.0,0.0,0.0,0.0,0.0,0.0,1063.0,1456.0,265.0,7455.0,0.0,757.0,2543.0
0,0,0,0,0,1,0,0,0,0,0.0,0.0,0.0,0.0,0.0,0.0,0.0,0.0,0.0,0.0,0.0,0.0,8319.0,6378.0,685.0,5114.0,0.0,3889.0,7454.0
0,0,0,0,0,1,0,0,0,0,0.0,0.0,0.0,0.0,0.0,0.0,0.0,0.0,0.0,0.0,0.0,0.0,8062.0,6486.0,1707.0,5913.0,0.0,4271.0,7389.0
0,0,0,0,0,1,0,0,0,0,0.0,0.0,0.0,0.0,0.0,0.0,0.0,0.0,0.0,0.0,0.0,0.0,8139.0,5527.0,506.0,5716.0,0.0,2906.0,7653.0
0,0,0,0,0,1,0,0,0,0,0.0,0.0,0.0,0.0,0.0,0.0,0.0,0.0,0.0,0.0,0.0,0.0,7028.0,3841.0,965.0,5349.0,0.0,3768.0,7549.0
0,0,0,0,0,1,0,0,0,0,0.0,0.0,0.0,0.0,0.0,0.0,0.0,0.0,0.0,0.0,0.0,0.0,8849.0,3730.0,8103.0,6520.0,0.0,6369.0,6094.0
0,0,0,0,0,1,0,0,0,0,0.0,0.0,0.0,0.0,0.0,0.0,0.0,0.0,0.0,0.0,0.0,0.0,9253.0,6641.0,1118.0,6064.0,0.0,7048.0,6905.0
0,0,0,0,0,1,0,0,0,0,0.0,0.0,0.0,0.0,0.0,0.0,0.0,0.0,0.0,0.0,0.0,0.0,7719.0,6768.0,1258.0,5892.0,0.0,6714.0,7135.0
0,0,0,0,0,1,0,0,0,0,0.0,0.0,0.0,0.0,0.0,0.0,0.0,0.0,0.0,0.0,0.0,0.0,6426.0,6306.0,2404.0,6384.0,0.0,7038.0,6956.0
0,0,0,0,0,0,1,0,0,0,0.0,0.0,0.0,0.0,0.0,0.0,0.0,0.0,0.0,0.0,0.0,0.0,345.0,0.0,0.0,2008.0,0.0,0.0,0.0
0,0,0,0,0,0,1,0,0,0,0.0,0.0,0.0,0.0,0.0,0.0,0.0,0.0,0.0,0.0,0.0,0.0,2592.0,0.0,0.0,1122.0,154.0,0.0,227.0
0,0,0,0,0,0,1,0,0,0,0.0,0.0,0.0,0.0,0.0,0.0,0.0,0.0,0.0,0.0,0.0,0.0,564.0,0.0,0.0,1952.0,0.0,0.0,0.0
0,0,0,0,0,0,1,0,0,0,0.0,0.0,0.0,0.0,0.0,0.0,0.0,0.0,0.0,0.0,0.0,0.0,909.0,0.0,0.0,3606.0,0.0,0.0,159.0
0,0,0,0,0,0,1,0,0,0,0.0,0.0,0.0,0.0,0.0,0.0,0.0,0.0,0.0,0.0,0.0,0.0,9337.0,1157.0,0.0,7228.0,0.0,1443.0,6545.0
0,0,0,0,0,0,1,0,0,0,0.0,0.0,0.0,0.0,0.0,0.0,0.0,0.0,0.0,0.0,0.0,0.0,7778.0,667.0,0.0,7015.0,0.0,544.0,4861.0
0,0,0,0,0,0,1,0,0,0,0.0,0.0,0.0,0.0,0.0,0.0,0.0,0.0,0.0,0.0,0.0,0.0,7325.0,286.0,0.0,7022.0,0.0,238.0,4236.0
0,0,0,0,0,0,1,0,0,0,0.0,0.0,0.0,0.0,0.0,0.0,0.0,0.0,0.0,0.0,0.0,0.0,8345.0,787.0,0.0,7425.0,0.0,612.0,4102.0
0,0,0,0,0,0,1,0,0,0,0.0,0.0,0.0,0.0,0.0,0.0,0.0,0.0,0.0,0.0,0.0,0.0,9314.0,2663.0,0.0,6555.0,0.0,3057.0,6936.0
0,0,0,0,0,0,1,0,0,0,0.0,0.0,0.0,0.0,0.0,0.0,0.0,0.0,0.0,0.0,0.0,0.0,9263.0,2436.0,0.0,6733.0,0.0,2396.0,7148.0
0,0,0,0,0,0,1,0,0,0,0.0,0.0,0.0,0.0,0.0,0.0,0.0,0.0,0.0,0.0,0.0,0.0,9277.0,2174.0,0.0,6761.0,0.0,2797.0,7040.0
0,0,0,0,0,0,1,0,0,0,0.0,0.0,0.0,0.0,0.0,0.0,0.0,0.0,0.0,0.0,0.0,0.0,9248.0,1320.0,0.0,6887.0,0.0,660.0,6126.0
0,0,0,0,0,0,1,0,0,0,0.0,0.0,0.0,0.0,0.0,0.0,0.0,0.0,0.0,0.0,0.0,0.0,0.0,826.0,0.0,2440.0,0.0,0.0,1013.0
0,0,0,0,0,0,1,0,0,0,0.0,0.0,0.0,0.0,0.0,0.0,0.0,0.0,0.0,0.0,0.0,0.0,758.0,255.0,0.0,2944.0,0.0,0.0,780.0
0,0,0,0,0,0,1,0,0,0,0.0,0.0,0.0,0.0,0.0,0.0,0.0,0.0,0.0,0.0,0.0,0.0,869.0,392.0,0.0,2907.0,0.0,275.0,1348.0
0,0,0,0,0,0,1,0,0,0,0.0,0.0,0.0,0.0,0.0,0.0,0.0,0.0,0.0,0.0,0.0,0.0,0.0,665.0,0.0,5794.0,0.0,424.0,1237.0
0,0,0,0,0,0,1,0,0,0,0.0,0.0,0.0,0.0,0.0,0.0,0.0,0.0,0.0,0.0,0.0,0.0,5384.0,2212.0,0.0,6996.0,0.0,930.0,6909.0
0,0,0,0,0,0,1,0,0,0,0.0,0.0,0.0,0.0,0.0,0.0,0.0,0.0,0.0,0.0,0.0,0.0,6983.0,1294.0,0.0,6535.0,0.0,765.0,4991.0
0,0,0,0,0,0,1,0,0,0,0.0,0.0,0.0,0.0,0.0,0.0,0.0,0.0,0.0,0.0,0.0,0.0,6014.0,1524.0,0.0,6491.0,0.0,797.0,7067.0
0,0,0,0,0,0,1,0,0,0,0.0,0.0,0.0,0.0,0.0,0.0,0.0,0.0,0.0,0.0,0.0,0.0,1470.0,1605.0,0.0,6903.0,0.0,571.0,3053.0
0,0,0,0,0,0,1,0,0,0,0.0,0.0,0.0,0.0,0.0,0.0,0.0,0.0,0.0,0.0,0.0,711.0,8833.0,5992.0,0.0,5370.0,0.0,2416.0,7119.0
0,0,0,0,0,0,1,0,0,0,0.0,0.0,0.0,0.0,0.0,0.0,0.0,0.0,0.0,0.0,0.0,0.0,8884.0,5266.0,0.0,5300.0,0.0,2632.0,7410.0
0,0,0,0,0,0,1,0,0,0,0.0,0.0,0.0,0.0,0.0,0.0,0.0,0.0,0.0,0.0,0.0,0.0,3897.0,4474.0,0.0,5505.0,0.0,2875.0,7277.0
0,0,0,0,0,0,1,0,0,0,0.0,0.0,0.0,0.0,0.0,0.0,0.0,0.0,0.0,0.0,0.0,0.0,5937.0,4664.0,0.0,5470.0,0.0,3020.0,7294.0
0,0,0,0,0,0,1,0,0,0,0.0,0.0,0.0,0.0,0.0,0.0,0.0,0.0,0.0,0.0,0.0,0.0,0.0,0.0,0.0,203.0,0.0,0.0,0.0
0,0,0,0,0,0,1,0,0,0,0.0,0.0,0.0,0.0,0.0,0.0,0.0,0.0,0.0,0.0,0.0,0.0,384.0,0.0,0.0,1148.0,0.0,0.0,0.0
0,0,0,0,0,0,1,0,0,0,0.0,0.0,0.0,0.0,0.0,0.0,0.0,0.0,0.0,0.0,0.0,0.0,0.0,0.0,0.0,0.0,0.0,0.0,0.0
0,0,0,0,0,0,1,0,0,0,0.0,0.0,0.0,0.0,0.0,0.0,0.0,0.0,0.0,0.0,0.0,0.0,208.0,0.0,0.0,0.0,0.0,0.0,0.0
0,0,0,0,0,0,1,0,0,0,0.0,0.0,0.0,0.0,0.0,0.0,0.0,0.0,0.0,0.0,0.0,0.0,6914.0,256.0,0.0,2453.0,0.0,378.0,4627.0
0,0,0,0,0,0,1,0,0,0,0.0,0.0,0.0,0.0,0.0,0.0,0.0,0.0,0.0,0.0,0.0,0.0,1420.0,0.0,0.0,3716.0,0.0,289.0,1251.0
0,0,0,0,0,0,1,0,0,0,0.0,0.0,0.0,0.0,0.0,0.0,0.0,0.0,0.0,0.0,0.0,0.0,1418.0,0.0,0.0,5124.0,0.0,0.0,1204.0
0,0,0,0,0,0,1,0,0,0,0.0,0.0,0.0,0.0,0.0,0.0,0.0,0.0,0.0,0.0,0.0,0.0,1739.0,0.0,0.0,5812.0,0.0,0.0,2091.0
0,0,0,0,0,1,0,0,0,0,0.0,0.0,0.0,0.0,0.0,0.0,0.0,0.0,0.0,0.0,0.0,0.0,5590.0,366.0,275.0,7110.0,0.0,571.0,6860.0
0,0,0,0,0,1,0,0,0,0,0.0,0.0,0.0,0.0,0.0,0.0,0.0,0.0,0.0,0.0,0.0,0.0,8227.0,598.0,537.0,6717.0,0.0,1269.0,6859.0
0,0,0,0,0,1,0,0,0,0,0.0,0.0,0.0,0.0,0.0,0.0,0.0,0.0,0.0,0.0,0.0,0.0,8471.0,540.0,783.0,7185.0,0.0,1663.0,7007.0
0,0,0,0,0,1,0,0,0,0,0.0,0.0,0.0,0.0,0.0,0.0,0.0,0.0,0.0,0.0,0.0,0.0,5765.0,305.0,476.0,7475.0,0.0,605.0,7541.0
0,0,0,0,0,1,0,0,0,0,0.0,0.0,0.0,0.0,0.0,0.0,0.0,0.0,0.0,0.0,0.0,0.0,3432.0,1824.0,4019.0,7030.0,0.0,2824.0,6037.0
0,0,0,0,0,1,0,0,0,0,0.0,0.0,0.0,0.0,0.0,0.0,0.0,0.0,0.0,0.0,0.0,0.0,3703.0,1803.0,2558.0,7740.0,0.0,2760.0,6506.0
0,0,0,0,0,1,0,0,0,0,0.0,0.0,0.0,0.0,0.0,0.0,0.0,0.0,0.0,0.0,0.0,0.0,9000.0,2377.0,4498.0,6230.0,0.0,3733.0,7519.0
0,0,0,0,0,1,0,0,0,0,0.0,0.0,0.0,0.0,0.0,0.0,0.0,0.0,0.0,0.0,0.0,0.0,9377.0,6578.0,8341.0,6955.0,0.0,7159.0,7262.0
0,0,0,0,0,1,0,0,0,0,0.0,0.0,0.0,0.0,0.0,0.0,0.0,0.0,0.0,0.0,0.0,0.0,9168.0,5373.0,0.0,6812.0,0.0,3242.0,6569.0
0,0,0,0,0,1,0,0,0,0,0.0,192.0,0.0,0.0,0.0,0.0,0.0,0.0,0.0,0.0,0.0,0.0,9309.0,4314.0,0.0,6587.0,0.0,2949.0,7178.0
0,0,0,0,0,1,0,0,0,0,0.0,0.0,0.0,0.0,0.0,0.0,0.0,0.0,0.0,0.0,0.0,0.0,6085.0,2088.0,0.0,7201.0,0.0,1798.0,7068.0
0,0,0,1,0,0,0,0,0,0,0.0,0.0,0.0,0.0,3092.0,3976.0,371.0,0.0,0.0,0.0,0.0,0.0,0.0,0.0,0.0,1056.0,0.0,427.0,5910.0
0,0,0,1,0,0,0,0,0,0,0.0,0.0,0.0,0.0,2665.0,3824.0,1121.0,0.0,0.0,0.0,0.0,0.0,0.0,0.0,0.0,754.0,0.0,352.0,4769.0
0,0,0,1,0,0,0,0,0,0,0.0,0.0,0.0,0.0,2487.0,3123.0,2625.0,0.0,0.0,0.0,0.0,0.0,0.0,0.0,0.0,0.0,0.0,283.0,3872.0
0,0,0,1,0,0,0,0,0,0,0.0,0.0,0.0,0.0,3926.0,5565.0,1314.0,0.0,0.0,0.0,0.0,0.0,0.0,0.0,0.0,964.0,0.0,269.0,4202.0
0,0,0,1,0,0,0,0,0,0,0.0,0.0,0.0,0.0,8512.0,7468.0,8162.0,0.0,0.0,0.0,0.0,0.0,0.0,0.0,0.0,2457.0,0.0,1884.0,7411.0
0,0,0,1,0,0,0,0,0,0,0.0,0.0,0.0,0.0,8451.0,7817.0,7860.0,0.0,0.0,0.0,0.0,0.0,0.0,0.0,0.0,3357.0,0.0,1719.0,7424.0
0,0,0,1,0,0,0,0,0,0,0.0,0.0,380.0,0.0,8257.0,7838.0,7442.0,0.0,0.0,0.0,0.0,0.0,0.0,0.0,0.0,4657.0,0.0,1568.0,7486.0
0,0,0,1,0,0,0,0,0,0,0.0,0.0,281.0,0.0,8694.0,7671.0,7586.0,0.0,0.0,0.0,0.0,0.0,0.0,0.0,0.0,3892.0,0.0,2137.0,6930.0
0,0,0,1,0,0,0,0,0,0,0.0,0.0,906.0,0.0,7835.0,6323.0,8416.0,0.0,229.0,0.0,0.0,0.0,0.0,0.0,0.0,7192.0,0.0,5440.0,6527.0
0,0,0,1,0,0,0,0,0,0,0.0,0.0,172.0,0.0,8611.0,7231.0,8635.0,0.0,299.0,0.0,0.0,0.0,532.0,0.0,0.0,7879.0,0.0,3937.0,6556.0
0,0,0,1,0,0,0,0,0,0,0.0,0.0,908.0,0.0,8374.0,7425.0,8904.0,0.0,0.0,0.0,0.0,0.0,0.0,0.0,0.0,7194.0,0.0,3704.0,6897.0
0,0,0,1,0,0,0,0,0,0,0.0,0.0,611.0,0.0,7826.0,7103.0,8286.0,0.0,0.0,0.0,0.0,0.0,0.0,0.0,0.0,4136.0,0.0,4624.0,6589.0
0,0,0,1,0,0,0,0,0,0,0.0,0.0,0.0,0.0,609.0,0.0,0.0,0.0,0.0,0.0,0.0,0.0,0.0,0.0,0.0,0.0,0.0,0.0,0.0
0,0,0,1,0,0,0,0,0,0,0.0,0.0,0.0,0.0,1878.0,0.0,0.0,0.0,0.0,0.0,0.0,0.0,0.0,0.0,0.0,0.0,0.0,0.0,0.0
0,0,0,1,0,0,0,0,0,0,0.0,0.0,0.0,0.0,395.0,0.0,0.0,0.0,0.0,0.0,0.0,0.0,0.0,0.0,0.0,0.0,0.0,0.0,0.0
0,0,0,1,0,0,0,0,0,0,0.0,0.0,0.0,0.0,2498.0,0.0,0.0,0.0,0.0,0.0,0.0,0.0,0.0,0.0,0.0,0.0,0.0,0.0,754.0
0,0,0,1,0,0,0,0,0,0,0.0,0.0,0.0,0.0,7936.0,0.0,0.0,0.0,0.0,0.0,0.0,0.0,0.0,0.0,0.0,0.0,427.0,322.0,612.0
0,0,0,1,0,0,0,0,0,0,0.0,0.0,0.0,0.0,5149.0,0.0,0.0,0.0,0.0,0.0,0.0,0.0,0.0,0.0,0.0,0.0,0.0,247.0,348.0
0,0,0,1,0,0,0,0,0,0,0.0,0.0,0.0,0.0,7575.0,0.0,0.0,0.0,0.0,0.0,0.0,0.0,0.0,0.0,0.0,0.0,0.0,382.0,445.0
0,0,0,1,0,0,0,0,0,0,0.0,0.0,0.0,0.0,3896.0,0.0,1173.0,0.0,0.0,0.0,0.0,0.0,0.0,0.0,0.0,0.0,0.0,276.0,414.0
0,0,0,1,0,0,0,0,0,0,0.0,0.0,0.0,0.0,7642.0,0.0,0.0,0.0,0.0,0.0,0.0,0.0,0.0,0.0,0.0,0.0,0.0,331.0,516.0
0,0,0,1,0,0,0,0,0,0,0.0,0.0,0.0,0.0,8549.0,0.0,0.0,0.0,0.0,0.0,0.0,0.0,0.0,0.0,0.0,0.0,0.0,468.0,925.0
0,0,0,1,0,0,0,0,0,0,0.0,0.0,0.0,0.0,8148.0,0.0,0.0,0.0,0.0,0.0,0.0,0.0,0.0,0.0,0.0,0.0,0.0,405.0,542.0
0,0,0,1,0,0,0,0,0,0,0.0,0.0,0.0,0.0,7914.0,0.0,0.0,0.0,0.0,0.0,0.0,0.0,0.0,0.0,0.0,0.0,400.0,465.0,755.0
0,0,0,1,0,0,0,0,0,0,0.0,0.0,0.0,0.0,6611.0,911.0,0.0,0.0,0.0,0.0,0.0,0.0,0.0,0.0,0.0,0.0,0.0,1480.0,455.0
0,0,0,1,0,0,0,0,0,0,0.0,0.0,0.0,0.0,5828.0,0.0,0.0,0.0,0.0,0.0,0.0,0.0,0.0,0.0,0.0,0.0,0.0,1137.0,388.0
0,0,0,1,0,0,0,0,0,0,0.0,0.0,0.0,0.0,3155.0,0.0,0.0,0.0,0.0,0.0,0.0,0.0,0.0,0.0,0.0,0.0,0.0,997.0,264.0
0,0,0,1,0,0,0,0,0,0,0.0,0.0,213.0,0.0,2757.0,0.0,0.0,0.0,0.0,0.0,0.0,0.0,0.0,0.0,0.0,0.0,0.0,640.0,250.0
0,0,0,1,0,0,0,0,0,0,0.0,0.0,673.0,0.0,8434.0,944.0,0.0,0.0,0.0,0.0,0.0,0.0,0.0,0.0,0.0,671.0,0.0,3486.0,1383.0
0,0,0,1,0,0,0,0,0,0,0.0,0.0,0.0,0.0,8699.0,327.0,0.0,0.0,0.0,0.0,0.0,0.0,0.0,0.0,0.0,3097.0,0.0,3041.0,1097.0
0,0,0,1,0,0,0,0,0,0,0.0,0.0,184.0,0.0,7795.0,0.0,0.0,0.0,0.0,0.0,0.0,0.0,0.0,0.0,0.0,0.0,0.0,4727.0,1656.0
0,0,0,1,0,0,0,0,0,0,0.0,0.0,0.0,0.0,8475.0,1672.0,0.0,0.0,0.0,0.0,0.0,0.0,0.0,0.0,0.0,1191.0,0.0,3840.0,1142.0
0,0,0,1,0,0,0,0,0,0,0.0,0.0,0.0,0.0,7969.0,1563.0,933.0,0.0,0.0,0.0,0.0,0.0,0.0,0.0,0.0,617.0,0.0,6949.0,2855.0
0,0,0,1,0,0,0,0,0,0,0.0,0.0,0.0,0.0,7426.0,4366.0,0.0,0.0,0.0,0.0,0.0,0.0,0.0,0.0,0.0,5090.0,0.0,7036.0,7151.0
0,0,0,1,0,0,0,0,0,0,0.0,0.0,382.0,0.0,6664.0,3290.0,0.0,0.0,0.0,0.0,0.0,0.0,0.0,0.0,0.0,5867.0,0.0,7196.0,5492.0
0,0,0,1,0,0,0,0,0,0,0.0,0.0,471.0,0.0,7776.0,0.0,963.0,0.0,0.0,0.0,0.0,0.0,0.0,0.0,0.0,1475.0,0.0,7038.0,3966.0
0,0,0,1,0,0,0,0,0,0,0.0,0.0,0.0,0.0,1944.0,0.0,0.0,0.0,0.0,0.0,0.0,0.0,313.0,0.0,0.0,0.0,343.0,1671.0,489.0
0,0,0,1,0,0,0,0,0,0,0.0,0.0,0.0,0.0,2101.0,0.0,0.0,0.0,0.0,0.0,0.0,0.0,0.0,0.0,0.0,0.0,0.0,1429.0,456.0
0,0,0,1,0,0,0,0,0,0,0.0,0.0,0.0,0.0,3760.0,0.0,0.0,0.0,0.0,0.0,0.0,0.0,0.0,0.0,0.0,0.0,0.0,1129.0,247.0
0,0,0,1,0,0,0,0,0,0,0.0,0.0,0.0,0.0,2219.0,0.0,189.0,0.0,0.0,0.0,0.0,0.0,0.0,0.0,0.0,0.0,274.0,1714.0,413.0
0,0,0,1,0,0,0,0,0,0,0.0,0.0,829.0,0.0,8416.0,0.0,0.0,0.0,0.0,0.0,0.0,0.0,0.0,0.0,0.0,0.0,2061.0,6979.0,1943.0
0,0,0,1,0,0,0,0,0,0,0.0,0.0,934.0,0.0,8284.0,1009.0,806.0,0.0,0.0,0.0,0.0,0.0,0.0,0.0,0.0,0.0,2861.0,7012.0,2501.0
0,0,0,1,0,0,0,0,0,0,0.0,0.0,960.0,0.0,8306.0,0.0,1867.0,0.0,0.0,0.0,0.0,0.0,0.0,0.0,0.0,0.0,1708.0,6991.0,1673.0
0,0,0,1,0,0,0,0,0,0,0.0,0.0,542.0,0.0,8369.0,0.0,0.0,0.0,0.0,0.0,0.0,0.0,0.0,0.0,0.0,0.0,1042.0,5370.0,1594.0
0,0,0,1,0,0,0,0,0,0,0.0,0.0,464.0,0.0,8078.0,0.0,3887.0,0.0,0.0,0.0,0.0,0.0,0.0,0.0,0.0,0.0,5331.0,7136.0,4606.0
0,0,0,1,0,0,0,0,0,0,0.0,0.0,1016.0,0.0,8336.0,977.0,4526.0,0.0,0.0,0.0,0.0,0.0,0.0,0.0,0.0,0.0,3676.0,7386.0,3066.0
0,0,0,1,0,0,0,0,0,0,0.0,0.0,596.0,0.0,7773.0,0.0,4254.0,0.0,0.0,0.0,0.0,0.0,0.0,0.0,0.0,0.0,4261.0,7011.0,2465.0
0,0,0,1,0,0,0,0,0,0,0.0,0.0,651.0,0.0,7652.0,1008.0,2927.0,0.0,0.0,0.0,0.0,0.0,0.0,0.0,0.0,0.0,2714.0,7486.0,4244.0
0,0,0,1,0,0,0,0,0,0,0.0,0.0,0.0,0.0,4934.0,0.0,0.0,0.0,0.0,0.0,0.0,0.0,0.0,0.0,0.0,0.0,0.0,309.0,253.0
0,0,0,1,0,0,0,0,0,0,0.0,0.0,0.0,0.0,2178.0,0.0,0.0,0.0,0.0,0.0,0.0,0.0,0.0,0.0,0.0,0.0,840.0,469.0,160.0
0,0,0,1,0,0,0,0,0,0,0.0,0.0,0.0,0.0,4262.0,0.0,1197.0,0.0,0.0,0.0,0.0,0.0,0.0,0.0,0.0,0.0,0.0,425.0,0.0
0,0,0,1,0,0,0,0,0,0,0.0,0.0,362.0,0.0,1849.0,458.0,1002.0,0.0,0.0,0.0,0.0,0.0,0.0,0.0,0.0,0.0,0.0,0.0,0.0
0,0,0,1,0,0,0,0,0,0,0.0,0.0,0.0,0.0,8742.0,1198.0,855.0,0.0,0.0,0.0,0.0,0.0,0.0,0.0,0.0,0.0,1134.0,1312.0,418.0
0,0,0,1,0,0,0,0,0,0,0.0,0.0,1105.0,0.0,8286.0,583.0,5398.0,0.0,0.0,0.0,0.0,0.0,0.0,0.0,0.0,0.0,1017.0,1058.0,349.0
0,0,0,1,0,0,0,0,0,0,0.0,0.0,0.0,453.0,8614.0,806.0,1484.0,0.0,0.0,0.0,0.0,0.0,0.0,0.0,0.0,0.0,1059.0,1827.0,564.0
0,0,0,1,0,0,0,0,0,0,0.0,0.0,0.0,0.0,8383.0,0.0,5430.0,0.0,0.0,0.0,0.0,0.0,0.0,0.0,0.0,0.0,1144.0,2174.0,853.0
0,0,0,1,0,0,0,0,0,0,0.0,0.0,2357.0,0.0,6996.0,2165.0,7679.0,0.0,0.0,0.0,0.0,0.0,0.0,0.0,0.0,0.0,3889.0,7194.0,4434.0
0,0,0,1,0,0,0,0,0,0,0.0,0.0,501.0,0.0,8153.0,0.0,1073.0,0.0,0.0,0.0,0.0,0.0,0.0,0.0,0.0,0.0,3543.0,5203.0,2026.0
0,0,0,1,0,0,0,0,0,0,0.0,0.0,1954.0,0.0,8055.0,1786.0,3076.0,0.0,0.0,0.0,0.0,472.0,0.0,0.0,0.0,0.0,1256.0,6796.0,3460.0
0,0,0,1,0,0,0,0,0,0,0.0,0.0,150.0,0.0,8541.0,1134.0,6551.0,0.0,0.0,0.0,0.0,0.0,0.0,0.0,0.0,0.0,2736.0,5387.0,2760.0
0,0,0,1,0,0,0,0,0,0,0.0,0.0,0.0,0.0,1913.0,0.0,2339.0,0.0,0.0,0.0,0.0,0.0,0.0,0.0,0.0,0.0,0.0,355.0,153.0
0,0,0,1,0,0,0,0,0,0,0.0,0.0,272.0,0.0,4657.0,0.0,597.0,0.0,0.0,0.0,0.0,0.0,0.0,0.0,0.0,0.0,0.0,628.0,279.0
0,0,0,1,0,0,0,0,0,0,0.0,0.0,0.0,0.0,1505.0,0.0,0.0,0.0,0.0,0.0,0.0,0.0,0.0,0.0,0.0,0.0,0.0,475.0,251.0
0,0,0,1,0,0,0,0,0,0,0.0,0.0,0.0,0.0,6634.0,0.0,844.0,0.0,0.0,0.0,0.0,0.0,317.0,0.0,0.0,0.0,0.0,1315.0,852.0
0,0,0,1,0,0,0,0,0,0,0.0,0.0,1374.0,0.0,8506.0,1893.0,1872.0,0.0,0.0,0.0,0.0,0.0,0.0,0.0,0.0,878.0,0.0,4904.0,3968.0
0,0,0,1,0,0,0,0,0,0,0.0,0.0,1409.0,0.0,8391.0,0.0,4319.0,0.0,0.0,0.0,0.0,0.0,0.0,0.0,0.0,1042.0,0.0,6971.0,6177.0
0,0,0,1,0,0,0,0,0,0,0.0,0.0,1450.0,0.0,8183.0,0.0,1634.0,0.0,0.0,0.0,0.0,0.0,0.0,0.0,0.0,1440.0,0.0,4337.0,3314.0
0,0,0,1,0,0,0,0,0,0,0.0,0.0,321.0,0.0,8712.0,0.0,1480.0,0.0,0.0,0.0,0.0,0.0,0.0,0.0,0.0,708.0,0.0,4682.0,3135.0
0,0,0,1,0,0,0,0,0,0,0.0,0.0,1157.0,0.0,8101.0,0.0,7409.0,0.0,0.0,0.0,0.0,0.0,0.0,0.0,0.0,1284.0,0.0,4933.0,1220.0
0,0,0,1,0,0,0,0,0,0,0.0,0.0,5064.0,0.0,7967.0,0.0,6389.0,0.0,0.0,0.0,0.0,0.0,0.0,0.0,0.0,1149.0,0.0,7183.0,7240.0
0,0,0,1,0,0,0,0,0,0,0.0,0.0,2228.0,0.0,7958.0,436.0,1835.0,0.0,0.0,0.0,0.0,486.0,0.0,0.0,0.0,710.0,0.0,7165.0,7024.0
0,0,0,1,0,0,0,0,0,0,0.0,0.0,2541.0,0.0,8344.0,618.0,2964.0,0.0,0.0,0.0,0.0,0.0,0.0,0.0,0.0,1967.0,0.0,7443.0,7429.0
0,0,0,1,0,0,0,0,0,0,0.0,0.0,0.0,0.0,955.0,0.0,0.0,0.0,0.0,0.0,0.0,0.0,0.0,0.0,0.0,0.0,0.0,219.0,2813.0
0,0,0,1,0,0,0,0,0,0,0.0,0.0,0.0,0.0,737.0,0.0,0.0,0.0,0.0,0.0,0.0,0.0,0.0,0.0,0.0,0.0,0.0,266.0,2113.0
0,0,0,1,0,0,0,0,0,0,0.0,0.0,0.0,0.0,940.0,0.0,734.0,0.0,0.0,0.0,0.0,0.0,0.0,0.0,0.0,277.0,0.0,669.0,7160.0
0,0,0,1,0,0,0,0,0,0,0.0,0.0,0.0,0.0,1172.0,171.0,0.0,0.0,0.0,0.0,0.0,0.0,0.0,0.0,0.0,540.0,0.0,0.0,1427.0
0,0,0,1,0,0,0,0,0,0,0.0,0.0,0.0,0.0,8449.0,4795.0,709.0,0.0,0.0,0.0,0.0,0.0,0.0,0.0,0.0,2549.0,0.0,1016.0,5569.0
0,0,0,1,0,0,0,0,0,0,0.0,0.0,532.0,0.0,6766.0,1781.0,0.0,0.0,0.0,0.0,0.0,0.0,0.0,0.0,0.0,0.0,0.0,1327.0,6960.0
0,0,0,1,0,0,0,0,0,0,0.0,0.0,0.0,0.0,6943.0,917.0,908.0,0.0,0.0,0.0,0.0,0.0,0.0,0.0,0.0,704.0,0.0,913.0,7264.0
0,0,0,1,0,0,0,0,0,0,0.0,0.0,0.0,0.0,7634.0,3159.0,986.0,0.0,0.0,0.0,0.0,0.0,0.0,0.0,0.0,898.0,0.0,970.0,7153.0
0,0,0,1,0,0,0,0,0,0,0.0,0.0,0.0,0.0,8293.0,1711.0,0.0,0.0,0.0,0.0,0.0,0.0,0.0,0.0,0.0,871.0,0.0,3424.0,6736.0
0,0,0,1,0,0,0,0,0,0,0.0,0.0,0.0,0.0,7670.0,419.0,1008.0,350.0,0.0,0.0,0.0,0.0,0.0,0.0,0.0,722.0,0.0,1573.0,7130.0
0,0,0,1,0,0,0,0,0,0,0.0,0.0,0.0,0.0,7800.0,1994.0,0.0,0.0,0.0,0.0,0.0,0.0,0.0,0.0,0.0,2045.0,0.0,2325.0,6839.0
0,0,0,1,0,0,0,0,0,0,0.0,0.0,0.0,0.0,8581.0,1171.0,1021.0,0.0,0.0,0.0,0.0,0.0,0.0,0.0,0.0,2186.0,0.0,2277.0,6814.0
0,0,0,1,0,0,0,0,0,0,0.0,0.0,0.0,0.0,3143.0,0.0,4854.0,205.0,0.0,0.0,0.0,0.0,0.0,0.0,0.0,0.0,0.0,1642.0,1795.0
0,0,0,1,0,0,0,0,0,0,0.0,0.0,0.0,0.0,2900.0,0.0,2384.0,0.0,0.0,0.0,0.0,0.0,0.0,0.0,0.0,0.0,0.0,1300.0,2016.0
0,0,0,1,0,0,0,0,0,0,0.0,0.0,0.0,0.0,2923.0,0.0,2215.0,0.0,0.0,0.0,0.0,0.0,0.0,0.0,0.0,0.0,0.0,2196.0,3734.0
0,0,0,1,0,0,0,0,0,0,0.0,0.0,0.0,0.0,1100.0,0.0,2995.0,0.0,0.0,0.0,0.0,0.0,0.0,0.0,0.0,0.0,0.0,1308.0,1793.0
0,0,0,1,0,0,0,0,0,0,0.0,0.0,320.0,0.0,8503.0,0.0,7726.0,0.0,0.0,0.0,0.0,0.0,0.0,0.0,0.0,2492.0,0.0,7154.0,7231.0
0,0,0,1,0,0,0,0,0,0,0.0,0.0,734.0,0.0,8201.0,0.0,4562.0,0.0,0.0,0.0,0.0,0.0,0.0,0.0,0.0,741.0,0.0,6127.0,4816.0
0,0,0,1,0,0,0,0,0,0,0.0,0.0,256.0,0.0,7600.0,0.0,2208.0,0.0,0.0,0.0,0.0,0.0,0.0,0.0,0.0,0.0,0.0,6895.0,6715.0
0,0,0,1,0,0,0,0,0,0,0.0,0.0,557.0,0.0,7982.0,1320.0,5635.0,0.0,0.0,0.0,0.0,0.0,0.0,0.0,0.0,856.0,0.0,4890.0,4327.0
0,0,0,1,0,0,0,0,0,0,162.0,0.0,1899.0,0.0,8055.0,937.0,8926.0,0.0,0.0,0.0,0.0,0.0,0.0,0.0,0.0,6908.0,0.0,6377.0,6479.0
0,0,0,1,0,0,0,0,0,0,0.0,0.0,272.0,0.0,8292.0,0.0,8014.0,0.0,0.0,0.0,0.0,0.0,0.0,0.0,0.0,2379.0,0.0,7167.0,6584.0
0,0,0,1,0,0,0,0,0,0,0.0,0.0,1165.0,0.0,8641.0,1871.0,8011.0,0.0,0.0,0.0,0.0,0.0,0.0,0.0,0.0,692.0,0.0,7242.0,7247.0
0,0,0,1,0,0,0,0,0,0,0.0,0.0,999.0,0.0,8768.0,374.0,8627.0,0.0,0.0,0.0,0.0,0.0,0.0,0.0,0.0,652.0,0.0,7435.0,7525.0
0,0,0,1,0,0,0,0,0,0,0.0,0.0,0.0,0.0,0.0,0.0,1259.0,0.0,0.0,0.0,0.0,0.0,0.0,0.0,0.0,0.0,2244.0,1457.0,894.0
0,0,0,1,0,0,0,0,0,0,0.0,0.0,0.0,0.0,1225.0,0.0,0.0,0.0,0.0,0.0,0.0,0.0,0.0,0.0,0.0,0.0,3158.0,2026.0,1411.0
0,0,0,1,0,0,0,0,0,0,0.0,0.0,0.0,0.0,446.0,0.0,0.0,0.0,0.0,0.0,0.0,0.0,0.0,0.0,0.0,0.0,3158.0,1488.0,1033.0
0,0,0,1,0,0,0,0,0,0,0.0,0.0,1030.0,0.0,1791.0,1514.0,2830.0,0.0,0.0,0.0,0.0,0.0,0.0,0.0,0.0,0.0,5794.0,6402.0,4209.0
0,0,0,1,0,0,0,0,0,0,0.0,0.0,2061.0,0.0,1890.0,0.0,1919.0,0.0,0.0,0.0,0.0,0.0,0.0,0.0,0.0,0.0,5518.0,6453.0,7259.0
0,0,0,1,0,0,0,0,0,0,0.0,0.0,353.0,0.0,1620.0,712.0,1256.0,0.0,0.0,0.0,0.0,0.0,0.0,0.0,0.0,0.0,6480.0,6928.0,7275.0
0,0,0,1,0,0,0,0,0,0,0.0,0.0,0.0,0.0,1820.0,0.0,0.0,0.0,0.0,0.0,0.0,0.0,0.0,0.0,0.0,0.0,5544.0,6299.0,7284.0
0,0,0,1,0,0,0,0,0,0,0.0,0.0,4372.0,0.0,7463.0,968.0,6262.0,0.0,0.0,0.0,0.0,0.0,0.0,0.0,0.0,0.0,7000.0,7000.0,6897.0
0,0,0,1,0,0,0,0,0,0,0.0,0.0,1273.0,0.0,7409.0,833.0,831.0,0.0,0.0,0.0,0.0,0.0,0.0,0.0,0.0,0.0,4564.0,5317.0,7495.0
0,0,0,1,0,0,0,0,0,0,0.0,0.0,0.0,0.0,4367.0,856.0,1429.0,0.0,0.0,0.0,0.0,0.0,0.0,0.0,0.0,0.0,5047.0,5510.0,7216.0
0,0,0,1,0,0,0,0,0,0,0.0,0.0,1529.0,0.0,7249.0,0.0,2427.0,0.0,0.0,0.0,0.0,0.0,0.0,0.0,0.0,0.0,4558.0,4661.0,7554.0
0,0,0,1,0,0,0,0,0,0,0.0,0.0,0.0,0.0,0.0,670.0,0.0,0.0,0.0,0.0,0.0,0.0,0.0,0.0,0.0,0.0,3566.0,1911.0,1730.0
0,0,0,1,0,0,0,0,0,0,0.0,0.0,0.0,0.0,0.0,0.0,316.0,0.0,0.0,0.0,0.0,0.0,0.0,0.0,0.0,0.0,2586.0,563.0,598.0
0,0,0,1,0,0,0,0,0,0,0.0,0.0,0.0,0.0,182.0,295.0,0.0,0.0,0.0,0.0,0.0,0.0,0.0,0.0,0.0,0.0,6931.0,2058.0,2467.0
0,0,0,1,0,0,0,0,0,0,0.0,0.0,0.0,0.0,360.0,0.0,0.0,0.0,0.0,0.0,0.0,0.0,0.0,0.0,0.0,0.0,4727.0,1937.0,3329.0
0,0,0,1,0,0,0,0,0,0,0.0,0.0,0.0,0.0,1096.0,0.0,0.0,0.0,0.0,0.0,0.0,0.0,0.0,0.0,0.0,0.0,6059.0,5729.0,6872.0
0,0,0,1,0,0,0,0,0,0,0.0,0.0,0.0,0.0,356.0,1180.0,0.0,0.0,0.0,0.0,0.0,0.0,0.0,0.0,0.0,0.0,6141.0,6812.0,6901.0
0,0,0,1,0,0,0,0,0,0,0.0,0.0,0.0,0.0,1560.0,1636.0,0.0,0.0,0.0,0.0,0.0,0.0,0.0,0.0,0.0,0.0,6172.0,6941.0,7206.0
0,0,0,1,0,0,0,0,0,0,0.0,0.0,0.0,0.0,2853.0,0.0,1097.0,0.0,0.0,0.0,0.0,0.0,0.0,0.0,0.0,0.0,5488.0,6396.0,7205.0
0,0,0,1,0,0,0,0,0,0,0.0,0.0,631.0,0.0,1264.0,1264.0,0.0,0.0,0.0,0.0,0.0,0.0,0.0,0.0,0.0,0.0,4660.0,5784.0,7398.0
0,0,0,1,0,0,0,0,0,0,0.0,0.0,0.0,0.0,1650.0,257.0,0.0,0.0,0.0,0.0,0.0,0.0,0.0,0.0,0.0,0.0,4710.0,5748.0,7248.0
0,0,0,1,0,0,0,0,0,0,0.0,0.0,0.0,0.0,627.0,0.0,0.0,0.0,0.0,0.0,0.0,0.0,0.0,0.0,0.0,0.0,5101.0,6362.0,7347.0
0,0,0,1,0,0,0,0,0,0,0.0,0.0,267.0,0.0,2503.0,951.0,768.0,0.0,0.0,0.0,0.0,0.0,0.0,0.0,0.0,0.0,4556.0,5445.0,5137.0
0,0,0,1,0,0,0,0,0,0,0.0,0.0,0.0,0.0,1019.0,2760.0,705.0,0.0,0.0,0.0,0.0,0.0,0.0,0.0,0.0,368.0,0.0,331.0,191.0
0,0,0,1,0,0,0,0,0,0,0.0,0.0,320.0,0.0,3335.0,7234.0,0.0,0.0,0.0,0.0,0.0,2577.0,0.0,0.0,0.0,1222.0,1204.0,1388.0,1591.0
0,0,0,1,0,0,0,0,0,0,0.0,0.0,575.0,0.0,2615.0,7338.0,3509.0,0.0,0.0,0.0,0.0,0.0,0.0,0.0,0.0,476.0,0.0,1051.0,986.0
0,0,0,1,0,0,0,0,0,0,0.0,0.0,944.0,0.0,6010.0,7475.0,2093.0,0.0,0.0,0.0,0.0,0.0,0.0,0.0,0.0,1667.0,0.0,1038.0,1578.0
0,0,0,1,0,0,0,0,0,0,0.0,0.0,0.0,0.0,754.0,4911.0,1397.0,0.0,0.0,0.0,0.0,0.0,0.0,0.0,0.0,664.0,0.0,788.0,767.0
0,0,0,1,0,0,0,0,0,0,0.0,0.0,756.0,0.0,2818.0,2852.0,2420.0,0.0,0.0,0.0,852.0,0.0,0.0,0.0,0.0,470.0,0.0,952.0,1455.0
1,0,0,0,0,0,0,0,0,0,0.0,0.0,0.0,0.0,0.0,0.0,0.0,0.0,0.0,0.0,0.0,0.0,0.0,0.0,0.0,0.0,0.0,0.0,0.0
1,0,0,0,0,0,0,0,0,0,0.0,0.0,0.0,0.0,0.0,0.0,0.0,0.0,0.0,0.0,0.0,0.0,0.0,0.0,0.0,0.0,0.0,0.0,0.0
1,0,0,0,0,0,0,0,0,0,0.0,0.0,0.0,0.0,0.0,0.0,0.0,0.0,0.0,0.0,0.0,0.0,0.0,0.0,0.0,0.0,0.0,0.0,0.0
1,0,0,0,0,0,0,0,0,0,193.0,0.0,0.0,0.0,0.0,0.0,0.0,0.0,0.0,0.0,0.0,0.0,0.0,0.0,0.0,0.0,0.0,0.0,0.0
1,0,0,0,0,0,0,0,0,0,0.0,0.0,0.0,0.0,0.0,0.0,0.0,0.0,0.0,0.0,0.0,0.0,0.0,0.0,0.0,0.0,0.0,0.0,0.0
1,0,0,0,0,0,0,0,0,0,0.0,0.0,0.0,0.0,0.0,0.0,0.0,0.0,0.0,0.0,0.0,0.0,0.0,0.0,0.0,0.0,0.0,0.0,0.0
1,0,0,0,0,0,0,0,0,0,0.0,0.0,0.0,0.0,0.0,0.0,0.0,0.0,0.0,0.0,0.0,0.0,0.0,0.0,0.0,0.0,0.0,0.0,0.0
1,0,0,0,0,0,0,0,0,0,0.0,0.0,0.0,0.0,0.0,0.0,0.0,0.0,0.0,0.0,0.0,0.0,0.0,0.0,0.0,0.0,0.0,0.0,0.0
1,0,0,0,0,0,0,0,0,0,0.0,0.0,0.0,0.0,0.0,0.0,0.0,0.0,0.0,0.0,0.0,0.0,0.0,0.0,0.0,0.0,0.0,0.0,0.0
1,0,0,0,0,0,0,0,0,0,0.0,0.0,0.0,0.0,0.0,0.0,0.0,0.0,0.0,0.0,0.0,0.0,0.0,0.0,0.0,0.0,0.0,0.0,0.0
1,0,0,0,0,0,0,0,0,0,0.0,0.0,0.0,0.0,0.0,0.0,0.0,0.0,0.0,0.0,0.0,0.0,0.0,0.0,0.0,0.0,0.0,0.0,0.0
1,0,0,0,0,0,0,0,0,0,0.0,0.0,0.0,0.0,0.0,0.0,0.0,0.0,0.0,0.0,0.0,0.0,0.0,0.0,0.0,0.0,0.0,0.0,0.0
1,0,0,0,0,0,0,0,0,0,0.0,0.0,0.0,0.0,0.0,0.0,0.0,0.0,0.0,0.0,0.0,0.0,0.0,0.0,0.0,0.0,0.0,0.0,0.0
1,0,0,0,0,0,0,0,0,0,0.0,0.0,0.0,0.0,0.0,0.0,0.0,0.0,0.0,0.0,0.0,0.0,0.0,0.0,0.0,0.0,0.0,0.0,0.0
1,0,0,0,0,0,0,0,0,0,0.0,0.0,0.0,0.0,0.0,0.0,0.0,0.0,0.0,0.0,0.0,0.0,0.0,0.0,0.0,0.0,0.0,0.0,0.0
1,0,0,0,0,0,0,0,0,0,0.0,0.0,0.0,0.0,0.0,0.0,0.0,0.0,0.0,0.0,0.0,0.0,0.0,0.0,0.0,0.0,0.0,0.0,0.0
1,0,0,0,0,0,0,0,0,0,0.0,0.0,0.0,0.0,0.0,0.0,0.0,0.0,0.0,0.0,0.0,0.0,0.0,0.0,0.0,0.0,0.0,0.0,0.0
1,0,0,0,0,0,0,0,0,0,0.0,0.0,0.0,0.0,0.0,0.0,0.0,0.0,0.0,0.0,0.0,0.0,0.0,0.0,0.0,0.0,0.0,0.0,0.0
1,0,0,0,0,0,0,0,0,0,0.0,0.0,0.0,0.0,0.0,0.0,0.0,0.0,0.0,0.0,0.0,0.0,0.0,0.0,0.0,0.0,0.0,0.0,0.0
1,0,0,0,0,0,0,0,0,0,0.0,0.0,0.0,0.0,0.0,0.0,0.0,0.0,0.0,0.0,0.0,0.0,0.0,0.0,0.0,0.0,0.0,0.0,0.0
1,0,0,0,0,0,0,0,0,0,0.0,0.0,0.0,0.0,0.0,0.0,0.0,0.0,0.0,0.0,0.0,0.0,0.0,0.0,0.0,0.0,0.0,0.0,0.0
1,0,0,0,0,0,0,0,0,0,0.0,0.0,0.0,0.0,0.0,0.0,0.0,0.0,0.0,0.0,0.0,0.0,0.0,0.0,0.0,0.0,0.0,0.0,0.0
1,0,0,0,0,0,0,0,0,0,0.0,0.0,0.0,0.0,0.0,0.0,0.0,0.0,0.0,0.0,0.0,0.0,0.0,0.0,0.0,0.0,0.0,0.0,0.0
1,0,0,0,0,0,0,0,0,0,0.0,0.0,0.0,0.0,0.0,0.0,0.0,0.0,0.0,0.0,0.0,0.0,0.0,0.0,0.0,0.0,0.0,0.0,0.0
1,0,0,0,0,0,0,0,0,0,0.0,0.0,0.0,0.0,0.0,0.0,0.0,0.0,0.0,0.0,0.0,0.0,0.0,0.0,0.0,0.0,0.0,0.0,0.0
1,0,0,0,0,0,0,0,0,0,0.0,0.0,0.0,0.0,0.0,0.0,0.0,0.0,0.0,0.0,0.0,0.0,0.0,0.0,0.0,0.0,0.0,0.0,0.0
1,0,0,0,0,0,0,0,0,0,0.0,0.0,0.0,0.0,0.0,0.0,0.0,0.0,0.0,0.0,0.0,0.0,0.0,0.0,0.0,0.0,0.0,0.0,0.0
1,0,0,0,0,0,0,0,0,0,0.0,0.0,0.0,0.0,0.0,0.0,0.0,0.0,0.0,0.0,0.0,0.0,0.0,0.0,0.0,0.0,0.0,0.0,0.0
1,0,0,0,0,0,0,0,0,0,0.0,0.0,0.0,0.0,0.0,0.0,0.0,0.0,0.0,0.0,0.0,0.0,0.0,0.0,0.0,0.0,0.0,0.0,0.0
1,0,0,0,0,0,0,0,0,0,0.0,0.0,0.0,0.0,0.0,0.0,0.0,0.0,0.0,0.0,0.0,0.0,0.0,0.0,0.0,0.0,0.0,0.0,0.0
1,0,0,0,0,0,0,0,0,0,0.0,0.0,0.0,0.0,0.0,0.0,0.0,0.0,0.0,0.0,0.0,0.0,0.0,0.0,0.0,0.0,0.0,0.0,0.0
1,0,0,0,0,0,0,0,0,0,0.0,0.0,0.0,0.0,0.0,0.0,0.0,0.0,0.0,0.0,0.0,0.0,0.0,0.0,0.0,0.0,0.0,0.0,0.0
1,0,0,0,0,0,0,0,0,0,0.0,0.0,0.0,0.0,0.0,0.0,0.0,0.0,0.0,0.0,0.0,0.0,0.0,0.0,0.0,0.0,0.0,0.0,0.0
0,0,0,0,0,0,0,1,0,0,0.0,0.0,0.0,0.0,0.0,0.0,0.0,0.0,0.0,0.0,0.0,0.0,0.0,0.0,0.0,0.0,0.0,0.0,7259.0
0,0,0,0,0,0,0,1,0,0,0.0,0.0,0.0,0.0,0.0,0.0,0.0,0.0,0.0,0.0,0.0,0.0,0.0,0.0,0.0,0.0,0.0,0.0,7740.0
0,0,0,0,0,0,0,1,0,0,0.0,0.0,0.0,0.0,0.0,0.0,0.0,0.0,0.0,0.0,0.0,0.0,0.0,0.0,0.0,0.0,0.0,0.0,7390.0
0,0,0,0,0,0,0,1,0,0,0.0,0.0,0.0,0.0,0.0,0.0,0.0,0.0,0.0,0.0,0.0,0.0,0.0,0.0,0.0,0.0,0.0,0.0,7255.0
0,0,0,0,0,0,0,1,0,0,165.0,0.0,0.0,0.0,0.0,0.0,0.0,0.0,0.0,0.0,0.0,0.0,0.0,0.0,0.0,0.0,0.0,538.0,7164.0
0,0,0,0,0,0,0,1,0,0,205.0,0.0,0.0,0.0,0.0,0.0,0.0,0.0,0.0,0.0,0.0,0.0,0.0,0.0,0.0,0.0,0.0,449.0,6787.0
0,0,0,0,0,0,0,1,0,0,199.0,0.0,0.0,0.0,0.0,0.0,0.0,0.0,0.0,0.0,0.0,0.0,0.0,0.0,0.0,0.0,0.0,271.0,7003.0
0,0,0,0,0,0,0,1,0,0,0.0,0.0,0.0,0.0,0.0,0.0,0.0,0.0,0.0,0.0,0.0,0.0,0.0,0.0,0.0,0.0,0.0,199.0,7448.0
0,0,0,0,0,0,0,1,0,0,0.0,0.0,0.0,0.0,0.0,0.0,0.0,0.0,0.0,0.0,0.0,0.0,0.0,0.0,0.0,666.0,0.0,518.0,7090.0
0,0,0,0,0,0,0,1,0,0,536.0,0.0,0.0,0.0,0.0,0.0,0.0,0.0,0.0,0.0,0.0,0.0,0.0,0.0,0.0,0.0,0.0,889.0,6704.0
0,0,0,0,0,0,0,1,0,0,203.0,0.0,0.0,0.0,0.0,0.0,0.0,0.0,0.0,0.0,0.0,0.0,0.0,0.0,0.0,0.0,0.0,640.0,7164.0
0,0,0,0,0,0,0,1,0,0,321.0,0.0,0.0,0.0,0.0,0.0,0.0,0.0,0.0,0.0,0.0,0.0,0.0,0.0,0.0,0.0,0.0,903.0,6855.0
0,0,0,0,0,0,0,1,0,0,0.0,0.0,0.0,0.0,0.0,0.0,0.0,0.0,0.0,0.0,0.0,0.0,0.0,0.0,0.0,0.0,0.0,0.0,294.0
0,0,0,0,0,0,0,1,0,0,0.0,0.0,0.0,0.0,0.0,0.0,0.0,0.0,0.0,0.0,0.0,0.0,0.0,0.0,0.0,0.0,251.0,0.0,199.0
0,0,0,0,0,0,0,1,0,0,0.0,0.0,0.0,0.0,0.0,0.0,0.0,0.0,0.0,0.0,0.0,0.0,0.0,0.0,0.0,0.0,0.0,213.0,321.0
0,0,0,0,0,0,0,1,0,0,0.0,0.0,0.0,0.0,0.0,0.0,0.0,0.0,0.0,0.0,0.0,0.0,0.0,0.0,0.0,0.0,0.0,0.0,197.0
0,0,0,0,0,0,0,1,0,0,0.0,0.0,0.0,0.0,0.0,0.0,0.0,0.0,0.0,0.0,0.0,0.0,0.0,0.0,0.0,0.0,794.0,750.0,2264.0
0,0,0,0,0,0,0,1,0,0,0.0,0.0,0.0,0.0,0.0,0.0,0.0,0.0,0.0,0.0,0.0,0.0,0.0,0.0,0.0,0.0,252.0,840.0,7172.0
0,0,0,0,0,0,0,1,0,0,0.0,0.0,0.0,0.0,0.0,0.0,0.0,0.0,0.0,0.0,0.0,0.0,0.0,0.0,0.0,0.0,274.0,1639.0,7291.0
0,0,0,0,0,0,0,1,0,0,0.0,0.0,0.0,0.0,0.0,0.0,0.0,0.0,0.0,0.0,0.0,0.0,0.0,0.0,0.0,0.0,766.0,904.0,6820.0
0,0,0,0,0,0,0,1,0,0,174.0,0.0,0.0,0.0,0.0,0.0,0.0,0.0,0.0,0.0,0.0,0.0,0.0,0.0,0.0,0.0,842.0,2944.0,6876.0
0,0,0,0,0,0,0,1,0,0,0.0,0.0,0.0,0.0,0.0,0.0,0.0,0.0,0.0,0.0,0.0,0.0,0.0,0.0,0.0,0.0,845.0,3954.0,7075.0
0,0,0,0,0,0,0,1,0,0,0.0,0.0,0.0,0.0,0.0,0.0,0.0,0.0,0.0,0.0,0.0,0.0,0.0,0.0,0.0,0.0,435.0,3407.0,7070.0
0,0,0,0,0,0,0,1,0,0,0.0,0.0,0.0,0.0,165.0,0.0,0.0,0.0,0.0,0.0,0.0,0.0,0.0,0.0,0.0,0.0,694.0,1547.0,4763.0
0,0,0,0,0,0,0,1,0,0,0.0,0.0,0.0,0.0,0.0,0.0,0.0,0.0,0.0,0.0,0.0,0.0,0.0,0.0,0.0,0.0,0.0,0.0,0.0
0,0,0,0,0,0,0,1,0,0,0.0,0.0,0.0,0.0,0.0,0.0,0.0,0.0,0.0,0.0,0.0,0.0,0.0,0.0,0.0,0.0,0.0,316.0,430.0
0,0,0,0,0,0,0,1,0,0,0.0,0.0,0.0,0.0,0.0,0.0,0.0,0.0,0.0,0.0,0.0,0.0,0.0,0.0,0.0,0.0,0.0,0.0,638.0
0,0,0,0,0,0,0,1,0,0,0.0,0.0,0.0,0.0,0.0,0.0,0.0,0.0,0.0,0.0,0.0,0.0,0.0,0.0,0.0,0.0,0.0,0.0,624.0
0,0,0,0,0,0,0,1,0,0,0.0,0.0,0.0,0.0,0.0,0.0,755.0,0.0,0.0,0.0,0.0,0.0,0.0,0.0,0.0,0.0,315.0,1954.0,7443.0
0,0,0,0,0,0,0,1,0,0,0.0,0.0,0.0,0.0,0.0,0.0,0.0,0.0,0.0,0.0,0.0,0.0,0.0,0.0,0.0,0.0,0.0,1967.0,7490.0
0,0,0,0,0,0,0,1,0,0,0.0,0.0,0.0,0.0,0.0,0.0,0.0,0.0,0.0,0.0,0.0,0.0,0.0,0.0,0.0,0.0,240.0,2536.0,6845.0
0,0,0,0,0,0,0,1,0,0,0.0,0.0,0.0,0.0,0.0,0.0,0.0,0.0,0.0,0.0,0.0,0.0,0.0,0.0,0.0,0.0,220.0,2583.0,7111.0
0,0,0,0,0,0,0,1,0,0,0.0,0.0,0.0,0.0,0.0,0.0,729.0,0.0,0.0,0.0,0.0,0.0,0.0,0.0,0.0,0.0,160.0,5606.0,6854.0
0,0,0,0,0,0,0,1,0,0,0.0,0.0,0.0,0.0,0.0,0.0,701.0,0.0,0.0,0.0,1484.0,0.0,0.0,0.0,0.0,0.0,344.0,7203.0,6489.0
0,0,0,0,0,0,0,1,0,0,0.0,0.0,0.0,0.0,0.0,0.0,0.0,0.0,0.0,0.0,0.0,0.0,0.0,0.0,0.0,0.0,277.0,4593.0,6986.0
0,0,0,0,0,0,0,1,0,0,166.0,0.0,0.0,0.0,0.0,0.0,0.0,0.0,0.0,0.0,0.0,0.0,0.0,0.0,0.0,0.0,673.0,5202.0,6720.0
0,0,0,0,0,0,0,1,0,0,184.0,0.0,0.0,0.0,0.0,0.0,588.0,0.0,0.0,0.0,0.0,0.0,0.0,0.0,0.0,0.0,0.0,0.0,343.0
0,0,0,0,0,0,0,1,0,0,0.0,0.0,0.0,0.0,0.0,0.0,0.0,0.0,0.0,0.0,0.0,0.0,0.0,0.0,0.0,0.0,0.0,0.0,719.0
0,0,0,0,0,0,0,1,0,0,228.0,0.0,0.0,0.0,0.0,0.0,0.0,0.0,0.0,0.0,0.0,0.0,0.0,0.0,0.0,0.0,0.0,0.0,508.0
0,0,0,0,0,0,0,1,0,0,153.0,0.0,0.0,0.0,0.0,0.0,0.0,0.0,0.0,0.0,0.0,0.0,0.0,0.0,0.0,0.0,240.0,0.0,352.0
0,0,0,0,0,0,0,1,0,0,3409.0,0.0,0.0,0.0,0.0,0.0,0.0,0.0,0.0,0.0,0.0,0.0,0.0,0.0,0.0,0.0,0.0,827.0,7475.0
0,0,0,0,0,0,0,1,0,0,2484.0,0.0,0.0,0.0,0.0,0.0,0.0,0.0,0.0,0.0,0.0,0.0,0.0,0.0,0.0,0.0,0.0,991.0,7382.0
0,0,0,0,0,0,0,1,0,0,2588.0,0.0,0.0,0.0,0.0,0.0,589.0,0.0,0.0,0.0,0.0,0.0,0.0,0.0,0.0,0.0,0.0,695.0,6986.0
0,0,0,0,0,0,0,1,0,0,1047.0,0.0,0.0,0.0,0.0,0.0,0.0,0.0,0.0,0.0,0.0,0.0,0.0,0.0,0.0,0.0,185.0,239.0,3606.0
0,0,0,0,0,0,0,1,0,0,7711.0,0.0,0.0,0.0,0.0,0.0,581.0,0.0,0.0,0.0,0.0,0.0,0.0,0.0,0.0,0.0,431.0,1623.0,6888.0
0,0,0,0,0,0,0,1,0,0,7765.0,0.0,0.0,0.0,0.0,0.0,0.0,0.0,0.0,0.0,0.0,0.0,0.0,0.0,0.0,0.0,188.0,1659.0,6905.0
0,0,0,0,0,0,0,1,0,0,7093.0,253.0,0.0,0.0,0.0,0.0,0.0,0.0,0.0,0.0,0.0,0.0,0.0,0.0,0.0,0.0,0.0,1271.0,6742.0
0,0,0,0,0,0,0,1,0,0,7472.0,0.0,0.0,0.0,0.0,0.0,0.0,0.0,0.0,0.0,0.0,0.0,0.0,0.0,0.0,0.0,0.0,2932.0,6414.0
0,0,0,0,0,0,0,1,0,0,0.0,0.0,0.0,0.0,0.0,0.0,0.0,0.0,0.0,0.0,0.0,0.0,0.0,0.0,0.0,0.0,262.0,543.0,4702.0
0,0,0,0,0,0,0,1,0,0,0.0,0.0,529.0,0.0,0.0,0.0,0.0,0.0,0.0,0.0,0.0,0.0,0.0,0.0,0.0,0.0,1236.0,524.0,7138.0
0,0,0,0,0,0,0,1,0,0,0.0,0.0,0.0,0.0,0.0,1022.0,0.0,0.0,0.0,0.0,0.0,0.0,0.0,0.0,0.0,0.0,650.0,1006.0,7387.0
0,0,0,0,0,0,0,1,0,0,0.0,0.0,0.0,0.0,0.0,0.0,0.0,0.0,0.0,0.0,0.0,0.0,0.0,0.0,0.0,0.0,543.0,922.0,7378.0
0,0,0,0,0,0,0,1,0,0,0.0,0.0,291.0,0.0,337.0,0.0,1959.0,0.0,0.0,0.0,0.0,0.0,0.0,0.0,0.0,0.0,3413.0,5793.0,6108.0
0,0,0,0,0,0,0,1,0,0,0.0,0.0,0.0,0.0,0.0,0.0,784.0,0.0,0.0,0.0,0.0,0.0,0.0,0.0,0.0,0.0,3679.0,6829.0,6386.0
0,0,0,0,0,0,0,1,0,0,0.0,0.0,170.0,0.0,0.0,0.0,0.0,0.0,0.0,0.0,0.0,0.0,0.0,0.0,0.0,0.0,867.0,2791.0,6966.0
0,0,0,0,0,0,0,1,0,0,0.0,0.0,467.0,0.0,0.0,0.0,0.0,0.0,0.0,0.0,0.0,0.0,0.0,0.0,0.0,0.0,742.0,3006.0,7005.0
0,0,0,0,0,0,0,1,0,0,0.0,0.0,635.0,0.0,0.0,0.0,721.0,0.0,0.0,0.0,0.0,0.0,0.0,0.0,0.0,0.0,4662.0,6399.0,6984.0
0,0,0,0,0,0,0,1,0,0,0.0,0.0,0.0,0.0,311.0,0.0,460.0,285.0,0.0,0.0,0.0,0.0,0.0,0.0,0.0,0.0,4065.0,4877.0,6905.0
0,0,0,0,0,0,0,1,0,0,0.0,0.0,1208.0,0.0,164.0,0.0,1995.0,357.0,0.0,0.0,0.0,0.0,0.0,0.0,0.0,0.0,4016.0,5707.0,6954.0
0,0,0,0,0,0,0,1,0,0,0.0,0.0,0.0,0.0,0.0,543.0,1115.0,219.0,0.0,0.0,0.0,0.0,0.0,0.0,0.0,0.0,2878.0,4814.0,6781.0
0,0,0,0,0,0,0,1,0,0,0.0,0.0,0.0,0.0,0.0,0.0,0.0,0.0,0.0,0.0,0.0,0.0,0.0,0.0,0.0,0.0,0.0,341.0,6581.0
0,0,0,0,0,0,0,1,0,0,0.0,0.0,0.0,0.0,367.0,0.0,0.0,0.0,0.0,0.0,0.0,0.0,0.0,0.0,0.0,0.0,0.0,340.0,7589.0
0,0,0,0,0,0,0,1,0,0,0.0,0.0,0.0,0.0,0.0,0.0,0.0,0.0,0.0,0.0,0.0,0.0,0.0,0.0,0.0,0.0,0.0,176.0,4862.0
0,0,0,0,0,0,0,1,0,0,0.0,0.0,0.0,0.0,0.0,0.0,0.0,0.0,0.0,0.0,0.0,0.0,0.0,0.0,0.0,0.0,0.0,0.0,2774.0
0,0,0,0,0,0,0,1,0,0,0.0,0.0,0.0,0.0,0.0,0.0,0.0,0.0,0.0,0.0,0.0,0.0,0.0,0.0,0.0,944.0,0.0,6507.0,5770.0
0,0,0,0,0,0,0,1,0,0,0.0,0.0,0.0,0.0,0.0,0.0,0.0,0.0,0.0,0.0,0.0,0.0,0.0,0.0,0.0,0.0,0.0,1006.0,7660.0
0,0,0,0,0,0,0,1,0,0,0.0,0.0,509.0,0.0,0.0,0.0,0.0,0.0,0.0,0.0,0.0,0.0,0.0,0.0,0.0,0.0,0.0,1401.0,7316.0
0,0,0,0,0,0,0,1,0,0,0.0,0.0,0.0,0.0,0.0,0.0,0.0,0.0,0.0,0.0,0.0,0.0,0.0,0.0,0.0,886.0,0.0,1728.0,7280.0
0,0,0,0,0,0,0,1,0,0,0.0,0.0,229.0,0.0,0.0,0.0,273.0,0.0,0.0,0.0,838.0,0.0,0.0,0.0,0.0,897.0,0.0,1477.0,7540.0
0,0,0,0,0,0,0,1,0,0,0.0,0.0,0.0,0.0,0.0,0.0,1604.0,0.0,0.0,0.0,0.0,0.0,0.0,0.0,0.0,1537.0,0.0,3014.0,7021.0
0,0,0,0,0,0,0,1,0,0,0.0,0.0,0.0,0.0,0.0,0.0,0.0,198.0,0.0,0.0,0.0,0.0,0.0,0.0,0.0,641.0,0.0,6876.0,6392.0
0,0,0,0,0,0,0,1,0,0,0.0,0.0,0.0,0.0,191.0,0.0,0.0,0.0,0.0,0.0,0.0,0.0,0.0,0.0,0.0,541.0,0.0,2256.0,6809.0
0,0,0,0,0,0,0,0,1,0,0.0,0.0,0.0,0.0,0.0,0.0,0.0,0.0,0.0,0.0,0.0,0.0,0.0,0.0,0.0,0.0,0.0,0.0,445.0
0,0,0,0,0,0,0,0,1,0,0.0,0.0,0.0,0.0,0.0,0.0,0.0,0.0,0.0,0.0,0.0,0.0,0.0,0.0,0.0,0.0,0.0,0.0,408.0
0,0,0,0,0,0,0,0,1,0,0.0,0.0,0.0,0.0,0.0,0.0,0.0,0.0,0.0,0.0,0.0,0.0,0.0,0.0,0.0,0.0,0.0,0.0,502.0
0,0,0,0,0,0,0,0,1,0,0.0,0.0,0.0,0.0,0.0,0.0,0.0,0.0,0.0,0.0,0.0,0.0,0.0,0.0,0.0,0.0,0.0,0.0,443.0
0,0,0,0,0,0,0,0,1,0,0.0,0.0,0.0,0.0,0.0,0.0,0.0,0.0,0.0,0.0,0.0,0.0,0.0,0.0,0.0,0.0,0.0,0.0,2298.0
0,0,0,0,0,0,0,0,1,0,0.0,0.0,0.0,0.0,0.0,0.0,709.0,0.0,0.0,0.0,0.0,0.0,0.0,0.0,0.0,0.0,0.0,163.0,4735.0
0,0,0,0,0,0,0,0,1,0,0.0,0.0,0.0,0.0,0.0,0.0,0.0,0.0,0.0,0.0,0.0,0.0,0.0,0.0,0.0,0.0,0.0,0.0,4341.0
0,0,0,0,0,0,0,0,1,0,0.0,0.0,0.0,0.0,0.0,0.0,719.0,0.0,0.0,0.0,0.0,0.0,0.0,0.0,0.0,0.0,0.0,223.0,3297.0
0,0,0,0,0,0,0,0,1,0,0.0,0.0,0.0,0.0,0.0,0.0,2801.0,0.0,0.0,0.0,0.0,359.0,0.0,0.0,0.0,0.0,0.0,1584.0,6136.0
0,0,0,0,0,0,0,0,1,0,0.0,0.0,478.0,0.0,0.0,0.0,444.0,0.0,0.0,0.0,0.0,0.0,0.0,0.0,0.0,0.0,0.0,235.0,7273.0
0,0,0,0,0,0,0,0,1,0,0.0,0.0,0.0,0.0,0.0,0.0,0.0,0.0,0.0,0.0,0.0,0.0,0.0,0.0,0.0,0.0,0.0,391.0,7163.0
0,0,0,0,0,0,0,0,1,0,0.0,0.0,0.0,0.0,0.0,0.0,0.0,0.0,0.0,0.0,0.0,0.0,0.0,0.0,0.0,0.0,0.0,564.0,7279.0
0,0,0,0,0,0,0,0,1,0,0.0,0.0,0.0,0.0,0.0,0.0,0.0,0.0,0.0,0.0,0.0,0.0,0.0,0.0,0.0,0.0,0.0,272.0,2527.0
0,0,0,0,0,0,0,0,1,0,0.0,0.0,0.0,0.0,0.0,0.0,2280.0,0.0,0.0,0.0,0.0,206.0,0.0,0.0,0.0,0.0,0.0,0.0,2126.0
0,0,0,0,0,0,0,0,1,0,0.0,0.0,0.0,0.0,0.0,0.0,630.0,0.0,0.0,0.0,0.0,0.0,0.0,0.0,0.0,0.0,0.0,235.0,3993.0
0,0,0,0,0,0,0,0,1,0,0.0,0.0,0.0,0.0,0.0,0.0,0.0,0.0,0.0,0.0,0.0,0.0,0.0,0.0,0.0,0.0,0.0,211.0,1578.0
0,0,0,0,0,0,0,0,1,0,0.0,0.0,0.0,0.0,0.0,0.0,3562.0,0.0,0.0,0.0,0.0,0.0,0.0,0.0,0.0,0.0,0.0,1445.0,7109.0
0,0,0,0,0,0,0,0,1,0,0.0,0.0,0.0,0.0,0.0,0.0,3537.0,0.0,0.0,0.0,0.0,0.0,0.0,0.0,0.0,829.0,0.0,1353.0,7516.0
0,0,0,0,0,0,0,0,1,0,0.0,0.0,0.0,0.0,0.0,0.0,1105.0,0.0,0.0,0.0,0.0,0.0,0.0,0.0,0.0,581.0,0.0,944.0,7295.0
0,0,0,0,0,0,0,0,1,0,0.0,0.0,0.0,0.0,0.0,0.0,5098.0,0.0,0.0,0.0,0.0,0.0,0.0,0.0,0.0,0.0,0.0,1207.0,7590.0
0,0,0,0,0,0,0,0,1,0,0.0,0.0,0.0,0.0,0.0,0.0,7692.0,0.0,0.0,0.0,0.0,0.0,0.0,0.0,0.0,0.0,0.0,2504.0,7087.0
0,0,0,0,0,0,0,0,1,0,0.0,0.0,0.0,0.0,0.0,0.0,7039.0,0.0,0.0,0.0,0.0,0.0,0.0,0.0,0.0,626.0,0.0,2535.0,7309.0
0,0,0,0,0,0,0,0,1,0,0.0,0.0,0.0,0.0,0.0,0.0,8169.0,0.0,0.0,0.0,1295.0,0.0,0.0,0.0,0.0,2844.0,0.0,2215.0,7086.0
0,0,0,0,0,0,0,0,1,0,0.0,0.0,0.0,0.0,0.0,0.0,7184.0,0.0,0.0,0.0,0.0,0.0,0.0,0.0,0.0,0.0,0.0,4365.0,6631.0
0,0,0,0,0,0,0,0,1,0,0.0,0.0,0.0,0.0,0.0,0.0,0.0,0.0,0.0,0.0,0.0,0.0,0.0,0.0,0.0,0.0,0.0,0.0,0.0
0,0,0,0,0,0,0,0,1,0,0.0,0.0,0.0,0.0,0.0,0.0,0.0,0.0,0.0,0.0,0.0,0.0,0.0,0.0,0.0,0.0,0.0,0.0,253.0
0,0,0,0,0,0,0,0,1,0,0.0,0.0,0.0,0.0,0.0,0.0,0.0,0.0,0.0,0.0,0.0,0.0,0.0,0.0,0.0,0.0,0.0,0.0,0.0
0,0,0,0,0,0,0,0,1,0,0.0,0.0,0.0,0.0,0.0,0.0,0.0,0.0,0.0,0.0,0.0,0.0,0.0,0.0,0.0,0.0,0.0,0.0,160.0
0,0,0,0,0,0,0,0,1,0,0.0,0.0,0.0,0.0,0.0,0.0,0.0,0.0,0.0,0.0,0.0,0.0,0.0,0.0,0.0,0.0,0.0,0.0,1966.0
0,0,0,0,0,0,0,0,1,0,0.0,0.0,0.0,0.0,0.0,0.0,0.0,513.0,0.0,0.0,0.0,0.0,0.0,0.0,0.0,0.0,0.0,0.0,1008.0
0,0,0,0,0,0,0,0,1,0,0.0,0.0,0.0,0.0,0.0,0.0,0.0,0.0,0.0,0.0,0.0,0.0,0.0,0.0,0.0,0.0,0.0,0.0,906.0
0,0,0,0,0,0,0,0,1,0,0.0,0.0,0.0,0.0,0.0,0.0,0.0,0.0,0.0,0.0,0.0,0.0,0.0,0.0,0.0,547.0,0.0,0.0,917.0
0,0,0,0,0,0,0,0,1,0,0.0,0.0,0.0,0.0,0.0,0.0,0.0,0.0,0.0,0.0,0.0,0.0,0.0,0.0,0.0,0.0,0.0,469.0,6308.0
0,0,0,0,0,0,0,0,1,0,0.0,0.0,0.0,0.0,0.0,0.0,0.0,0.0,0.0,0.0,0.0,0.0,0.0,0.0,0.0,0.0,0.0,159.0,3854.0
0,0,0,0,0,0,0,0,1,0,0.0,0.0,0.0,0.0,0.0,0.0,0.0,0.0,0.0,0.0,0.0,0.0,0.0,0.0,0.0,0.0,0.0,0.0,2935.0
0,0,0,0,0,0,0,0,1,0,0.0,0.0,0.0,0.0,0.0,0.0,0.0,0.0,0.0,0.0,0.0,0.0,0.0,0.0,0.0,0.0,0.0,202.0,3582.0
0,0,0,0,0,0,0,0,1,0,0.0,0.0,0.0,0.0,0.0,0.0,0.0,0.0,0.0,0.0,0.0,0.0,0.0,0.0,0.0,0.0,0.0,0.0,416.0
0,0,0,0,0,0,0,0,1,0,0.0,0.0,0.0,0.0,0.0,0.0,0.0,0.0,0.0,0.0,0.0,0.0,0.0,0.0,0.0,0.0,0.0,461.0,2002.0
0,0,0,0,0,0,0,0,1,0,0.0,0.0,0.0,0.0,0.0,0.0,0.0,0.0,0.0,0.0,0.0,0.0,0.0,0.0,0.0,0.0,0.0,0.0,951.0
0,0,0,0,0,0,0,0,1,0,0.0,0.0,0.0,0.0,0.0,0.0,0.0,0.0,0.0,0.0,0.0,0.0,0.0,0.0,0.0,0.0,0.0,318.0,1107.0
0,0,0,0,0,0,0,0,1,0,0.0,0.0,0.0,0.0,0.0,0.0,0.0,0.0,0.0,0.0,0.0,0.0,0.0,0.0,166.0,0.0,0.0,635.0,7194.0
0,0,0,0,0,0,0,0,1,0,476.0,0.0,0.0,0.0,0.0,0.0,220.0,0.0,0.0,0.0,0.0,0.0,0.0,0.0,484.0,0.0,0.0,3347.0,7050.0
0,0,0,0,0,0,0,0,1,0,733.0,0.0,937.0,0.0,0.0,0.0,1009.0,0.0,0.0,0.0,0.0,0.0,0.0,0.0,594.0,0.0,0.0,3542.0,6697.0
0,0,0,0,0,0,0,0,1,0,272.0,0.0,0.0,0.0,0.0,0.0,0.0,0.0,0.0,0.0,0.0,0.0,0.0,0.0,0.0,606.0,0.0,2999.0,7263.0
0,0,0,0,0,0,0,0,1,0,4010.0,0.0,0.0,0.0,0.0,0.0,0.0,0.0,0.0,337.0,0.0,0.0,0.0,0.0,846.0,1172.0,206.0,7652.0,6488.0
0,0,0,0,0,0,0,0,1,0,3903.0,0.0,0.0,0.0,0.0,0.0,0.0,0.0,0.0,0.0,0.0,0.0,0.0,0.0,1082.0,1054.0,273.0,7356.0,6011.0
0,0,0,0,0,0,0,0,1,0,2277.0,0.0,0.0,0.0,0.0,0.0,0.0,0.0,0.0,0.0,0.0,0.0,0.0,0.0,0.0,0.0,0.0,7141.0,6537.0
0,0,0,0,0,0,0,0,1,0,1475.0,0.0,0.0,0.0,0.0,0.0,0.0,0.0,0.0,0.0,0.0,0.0,0.0,0.0,0.0,1215.0,0.0,6934.0,7013.0
